Arrival Time,Exit Time,Triage Level,Doctor Seen,Doctor_Time,Wait_After_Triage,Disposition
2025-03-07 03:33:00,2025-03-07 06:33:00,2,2025-03-07 04:17:00,136.0,25.0,DISCHARGED
2025-03-07 01:19:00,2025-03-07 03:48:00,3,2025-03-07 02:36:00,72.0,56.0,DISCHARGED
2025-03-07 23:32:00,2025-03-08 03:42:00,1,2025-03-08 00:28:00,194.0,24.0,ADMITTED
2025-03-07 23:30:00,2025-03-08 01:59:00,3,2025-03-08 00:29:00,90.0,38.0,ADMITTED
2025-03-07 02:30:00,2025-03-07 05:02:00,4,2025-03-07 03:41:00,81.0,53.0,DISCHARGED
2025-03-07 22:14:00,2025-03-08 00:55:00,3,2025-03-07 23:13:00,102.0,38.0,DISCHARGED
2025-03-07 23:05:00,2025-03-08 02:10:00,3,2025-03-08 00:25:00,105.0,52.0,ADMITTED
2025-03-07 22:00:00,2025-03-08 00:32:00,3,2025-03-07 23:22:00,70.0,53.0,ADMITTED
2025-03-07 01:02:00,2025-03-07 04:03:00,3,2025-03-07 02:26:00,97.0,57.0,DISCHARGED
2025-03-07 03:29:00,2025-03-07 06:32:00,3,2025-03-07 05:00:00,92.0,58.0,TRANSFERRED
2025-03-07 01:30:00,2025-03-07 04:27:00,3,2025-03-07 02:22:00,125.0,36.0,DISCHARGED
2025-03-07 21:01:00,2025-03-08 00:08:00,3,2025-03-07 22:28:00,100.0,51.0,DISCHARGED
2025-03-07 03:55:00,2025-03-07 06:44:00,2,2025-03-07 04:47:00,117.0,23.0,DISCHARGED
2025-03-07 22:37:00,2025-03-08 01:30:00,2,2025-03-07 23:32:00,118.0,36.0,ADMITTED
2025-03-07 04:54:00,2025-03-07 06:44:00,3,2025-03-07 05:36:00,68.0,27.0,DISCHARGED
2025-03-07 00:10:00,2025-03-07 03:24:00,4,2025-03-07 01:34:00,110.0,62.0,DISCHARGED
2025-03-07 22:46:00,2025-03-08 01:13:00,4,2025-03-08 00:15:00,58.0,65.0,DISCHARGED
2025-02-05 00:03:00,2025-02-05 02:59:00,3,2025-02-05 01:28:00,91.0,60.0,DISCHARGED
2025-02-05 03:30:00,2025-02-05 06:27:00,2,2025-02-05 04:23:00,124.0,19.0,TRANSFERRED
2025-02-05 03:01:00,2025-02-05 05:07:00,3,2025-02-05 03:44:00,83.0,23.0,ADMITTED
2025-02-05 22:56:00,2025-02-06 01:44:00,3,2025-02-05 23:56:00,108.0,32.0,ADMITTED
2025-02-05 23:58:00,2025-02-06 02:11:00,3,2025-02-06 01:05:00,66.0,35.0,DISCHARGED
2025-02-05 03:46:00,2025-02-05 06:40:00,2,2025-02-05 04:29:00,131.0,17.0,ADMITTED
2025-02-05 22:53:00,2025-02-06 02:07:00,1,2025-02-05 23:30:00,157.0,10.0,ADMITTED
2025-02-05 21:49:00,2025-02-06 00:51:00,2,2025-02-05 22:41:00,130.0,24.0,DISCHARGED
2025-02-05 22:34:00,2025-02-06 01:18:00,3,2025-02-05 23:26:00,112.0,33.0,ADMITTED
2025-02-05 02:00:00,2025-02-05 04:34:00,2,2025-02-05 02:53:00,101.0,26.0,ADMITTED
2025-02-05 01:47:00,2025-02-05 04:48:00,3,2025-02-05 02:54:00,114.0,41.0,DISCHARGED
2025-02-05 23:50:00,2025-02-06 02:11:00,3,2025-02-06 01:07:00,64.0,49.0,ADMITTED
2025-02-05 19:59:00,2025-02-06 00:01:00,1,2025-02-05 20:31:00,210.0,17.0,TRANSFERRED
2025-02-05 03:57:00,2025-02-05 06:45:00,3,2025-02-05 05:00:00,105.0,27.0,ADMITTED
2025-03-14 22:22:00,2025-03-15 01:31:00,4,2025-03-14 23:54:00,97.0,48.0,DISCHARGED
2025-03-14 00:18:00,2025-03-14 03:15:00,2,2025-03-14 00:52:00,143.0,9.0,ADMITTED
2025-03-14 23:56:00,2025-03-15 03:11:00,4,2025-03-15 01:33:00,98.0,71.0,DISCHARGED
2025-03-14 04:56:00,2025-03-14 06:54:00,3,2025-03-14 06:10:00,44.0,42.0,DISCHARGED
2025-03-14 00:04:00,2025-03-14 03:06:00,2,2025-03-14 00:50:00,136.0,29.0,DISCHARGED
2025-03-14 03:18:00,2025-03-14 05:24:00,3,2025-03-14 04:18:00,66.0,32.0,DISCHARGED
2025-03-14 21:34:00,2025-03-15 01:07:00,2,2025-03-14 22:22:00,165.0,24.0,ADMITTED
2025-03-14 03:06:00,2025-03-14 06:15:00,3,2025-03-14 04:23:00,112.0,51.0,DISCHARGED
2025-03-14 00:01:00,2025-03-14 03:43:00,3,2025-03-14 01:09:00,154.0,39.0,DISCHARGED
2025-03-14 22:52:00,2025-03-15 01:42:00,3,2025-03-15 00:07:00,95.0,46.0,DISCHARGED
2025-01-11 23:57:00,2025-01-12 02:59:00,3,2025-01-12 01:25:00,94.0,57.0,DISCHARGED
2025-01-11 21:46:00,2025-01-12 00:42:00,3,2025-01-11 22:51:00,111.0,34.0,ADMITTED
2025-01-11 04:20:00,2025-01-11 06:49:00,3,2025-01-11 05:36:00,73.0,34.0,DISCHARGED
2025-01-11 00:39:00,2025-01-11 03:12:00,3,2025-01-11 01:45:00,87.0,40.0,ADMITTED
2025-01-11 03:28:00,2025-01-11 06:25:00,3,2025-01-11 04:22:00,123.0,28.0,DISCHARGED
2025-01-11 23:29:00,2025-01-12 03:30:00,1,2025-01-12 00:14:00,196.0,17.0,DISCHARGED
2025-01-11 02:29:00,2025-01-11 06:00:00,1,2025-01-11 03:08:00,172.0,17.0,DISCHARGED
2025-01-11 04:12:00,2025-01-11 06:51:00,3,2025-01-11 05:18:00,93.0,45.0,ADMITTED
2025-01-11 22:32:00,2025-01-12 01:31:00,4,2025-01-12 00:43:00,48.0,92.0,DISCHARGED
2025-01-11 22:51:00,2025-01-12 02:07:00,3,2025-01-12 00:20:00,107.0,57.0,DISCHARGED
2025-01-11 04:09:00,2025-01-11 06:24:00,3,2025-01-11 04:56:00,88.0,21.0,TRANSFERRED
2025-01-11 21:40:00,2025-01-12 00:10:00,2,2025-01-11 22:44:00,86.0,28.0,ADMITTED
2025-01-11 23:50:00,2025-01-12 03:30:00,2,2025-01-12 00:38:00,172.0,24.0,ADMITTED
2025-01-11 22:40:00,2025-01-12 01:23:00,3,2025-01-11 23:47:00,96.0,43.0,ADMITTED
2025-01-11 01:57:00,2025-01-11 04:21:00,3,2025-01-11 03:01:00,80.0,32.0,DISCHARGED
2025-01-11 00:06:00,2025-01-11 02:51:00,2,2025-01-11 00:49:00,122.0,26.0,DISCHARGED
2025-01-11 23:16:00,2025-01-12 02:22:00,2,2025-01-12 00:09:00,133.0,21.0,DISCHARGED
2025-03-24 02:50:00,2025-03-24 05:41:00,3,2025-03-24 03:47:00,114.0,31.0,DISCHARGED
2025-03-24 01:37:00,2025-03-24 05:39:00,2,2025-03-24 02:27:00,192.0,25.0,DISCHARGED
2025-03-24 01:49:00,2025-03-24 04:47:00,3,2025-03-24 02:48:00,119.0,37.0,TRANSFERRED
2025-03-24 23:52:00,2025-03-25 03:36:00,3,2025-03-25 01:14:00,142.0,57.0,DISCHARGED
2025-03-24 23:25:00,2025-03-25 02:11:00,3,2025-03-25 00:40:00,91.0,48.0,ADMITTED
2025-03-24 05:00:00,2025-03-24 06:57:00,3,2025-03-24 06:11:00,46.0,45.0,DISCHARGED
2025-03-24 22:12:00,2025-03-25 01:03:00,3,2025-03-24 23:27:00,96.0,48.0,DISCHARGED
2025-03-24 03:37:00,2025-03-24 06:33:00,1,2025-03-24 04:10:00,143.0,17.0,ADMITTED
2025-03-24 21:01:00,2025-03-25 00:13:00,2,2025-03-24 22:07:00,126.0,38.0,ADMITTED
2025-03-24 00:35:00,2025-03-24 03:16:00,4,2025-03-24 01:26:00,110.0,26.0,DISCHARGED
2025-03-24 04:01:00,2025-03-24 06:16:00,3,2025-03-24 05:05:00,71.0,39.0,TRANSFERRED
2025-03-24 04:19:00,2025-03-24 06:07:00,4,2025-03-24 05:03:00,64.0,19.0,DISCHARGED
2025-03-24 21:53:00,2025-03-25 01:44:00,1,2025-03-24 22:39:00,185.0,14.0,ADMITTED
2025-02-16 21:17:00,2025-02-17 00:50:00,2,2025-02-16 22:24:00,146.0,31.0,DISCHARGED
2025-02-16 03:30:00,2025-02-16 06:06:00,4,2025-02-16 04:40:00,86.0,45.0,DISCHARGED
2025-02-16 21:47:00,2025-02-17 00:03:00,4,2025-02-16 22:41:00,82.0,22.0,DISCHARGED
2025-02-16 04:41:00,2025-02-16 06:45:00,4,2025-02-16 05:39:00,66.0,37.0,DISCHARGED
2025-02-16 20:50:00,2025-02-17 00:06:00,2,2025-02-16 21:43:00,143.0,24.0,ADMITTED
2025-02-16 00:47:00,2025-02-16 03:29:00,2,2025-02-16 01:35:00,114.0,23.0,ADMITTED
2025-02-16 21:23:00,2025-02-17 00:08:00,4,2025-02-16 22:26:00,102.0,35.0,DISCHARGED
2025-02-16 00:20:00,2025-02-16 03:09:00,3,2025-02-16 01:58:00,71.0,79.0,DISCHARGED
2025-02-16 01:52:00,2025-02-16 05:09:00,3,2025-02-16 03:06:00,123.0,44.0,ADMITTED
2025-02-16 02:52:00,2025-02-16 05:03:00,2,2025-02-16 03:49:00,74.0,30.0,ADMITTED
2025-02-16 03:03:00,2025-02-16 06:22:00,3,2025-02-16 04:31:00,111.0,53.0,DISCHARGED
2025-02-16 22:58:00,2025-02-17 01:41:00,3,2025-02-17 00:29:00,72.0,64.0,DISCHARGED
2025-02-08 03:47:00,2025-02-08 06:20:00,3,2025-02-08 04:47:00,93.0,35.0,DISCHARGED
2025-02-08 23:39:00,2025-02-09 03:17:00,3,2025-02-09 01:07:00,130.0,56.0,DISCHARGED
2025-02-08 23:05:00,2025-02-09 01:26:00,4,2025-02-09 00:06:00,80.0,42.0,DISCHARGED
2025-02-08 22:43:00,2025-02-09 02:11:00,2,2025-02-08 23:32:00,159.0,21.0,DISCHARGED
2025-02-08 00:12:00,2025-02-08 03:23:00,3,2025-02-08 01:14:00,129.0,39.0,DISCHARGED
2025-02-08 22:35:00,2025-02-09 00:45:00,3,2025-02-08 23:28:00,77.0,31.0,ADMITTED
2025-02-08 00:45:00,2025-02-08 04:04:00,3,2025-02-08 01:54:00,130.0,50.0,DISCHARGED
2025-02-08 01:08:00,2025-02-08 04:28:00,2,2025-02-08 01:58:00,150.0,28.0,ADMITTED
2025-02-08 23:13:00,2025-02-09 01:33:00,3,2025-02-09 00:22:00,71.0,42.0,DISCHARGED
2025-01-13 02:51:00,2025-01-13 06:07:00,3,2025-01-13 03:49:00,138.0,30.0,DISCHARGED
2025-01-13 22:27:00,2025-01-14 01:27:00,3,2025-01-13 23:36:00,111.0,53.0,DISCHARGED
2025-01-13 01:39:00,2025-01-13 04:52:00,3,2025-01-13 02:42:00,130.0,32.0,ADMITTED
2025-01-13 03:56:00,2025-01-13 06:52:00,3,2025-01-13 04:51:00,121.0,34.0,TRANSFERRED
2025-01-13 03:42:00,2025-01-13 06:52:00,3,2025-01-13 04:58:00,114.0,51.0,DISCHARGED
2025-01-13 21:55:00,2025-01-14 00:26:00,3,2025-01-13 22:57:00,89.0,41.0,DISCHARGED
2025-01-13 21:22:00,2025-01-14 01:13:00,1,2025-01-13 22:00:00,193.0,13.0,ADMITTED
2025-01-13 02:43:00,2025-01-13 05:52:00,2,2025-01-13 03:27:00,145.0,24.0,ADMITTED
2025-01-13 21:42:00,2025-01-14 01:12:00,3,2025-01-13 23:07:00,125.0,53.0,DISCHARGED
2025-01-13 04:32:00,2025-01-13 06:48:00,3,2025-01-13 05:46:00,62.0,53.0,DISCHARGED
2025-01-13 03:49:00,2025-01-13 06:18:00,3,2025-01-13 04:46:00,92.0,39.0,DISCHARGED
2025-01-13 02:21:00,2025-01-13 05:11:00,2,2025-01-13 03:30:00,101.0,42.0,ADMITTED
2025-01-13 04:17:00,2025-01-13 06:50:00,3,2025-01-13 05:18:00,92.0,48.0,DISCHARGED
2025-01-13 03:33:00,2025-01-13 06:04:00,3,2025-01-13 04:50:00,74.0,48.0,ADMITTED
2025-01-13 20:50:00,2025-01-14 00:13:00,3,2025-01-13 22:33:00,100.0,76.0,DISCHARGED
2025-01-13 20:55:00,2025-01-14 00:04:00,2,2025-01-13 21:50:00,134.0,24.0,DISCHARGED
2025-01-13 00:23:00,2025-01-13 03:45:00,2,2025-01-13 01:11:00,154.0,25.0,ADMITTED
2025-03-04 02:07:00,2025-03-04 04:25:00,4,2025-03-04 03:32:00,53.0,55.0,DISCHARGED
2025-03-04 02:00:00,2025-03-04 05:15:00,2,2025-03-04 03:12:00,123.0,45.0,DISCHARGED
2025-03-04 20:56:00,2025-03-05 00:08:00,1,2025-03-04 21:58:00,130.0,28.0,ADMITTED
2025-03-04 22:03:00,2025-03-05 00:49:00,3,2025-03-04 23:08:00,101.0,45.0,ADMITTED
2025-03-04 02:15:00,2025-03-04 05:02:00,3,2025-03-04 03:22:00,100.0,39.0,DISCHARGED
2025-03-04 04:15:00,2025-03-04 06:28:00,3,2025-03-04 05:26:00,62.0,47.0,DISCHARGED
2025-03-04 05:08:00,2025-03-04 06:52:00,4,2025-03-04 05:57:00,55.0,29.0,DISCHARGED
2025-03-04 23:06:00,2025-03-05 01:54:00,2,2025-03-04 23:41:00,133.0,16.0,DISCHARGED
2025-03-04 03:14:00,2025-03-04 05:38:00,4,2025-03-04 04:18:00,80.0,40.0,ADMITTED
2025-03-04 01:24:00,2025-03-04 04:02:00,4,2025-03-04 02:48:00,74.0,55.0,DISCHARGED
2025-03-04 21:51:00,2025-03-05 00:42:00,3,2025-03-04 22:59:00,103.0,43.0,ADMITTED
2025-03-04 21:23:00,2025-03-05 00:12:00,2,2025-03-04 22:18:00,114.0,31.0,ADMITTED
2025-03-04 21:19:00,2025-03-05 00:19:00,2,2025-03-04 22:09:00,130.0,24.0,ADMITTED
2025-03-04 23:37:00,2025-03-05 02:36:00,3,2025-03-05 00:53:00,103.0,50.0,DISCHARGED
2025-01-04 22:44:00,2025-01-05 02:53:00,1,2025-01-04 23:43:00,190.0,24.0,DISCHARGED
2025-01-04 03:10:00,2025-01-04 05:33:00,4,2025-01-04 04:16:00,77.0,39.0,DISCHARGED
2025-01-04 03:16:00,2025-01-04 06:05:00,3,2025-01-04 04:31:00,94.0,45.0,ADMITTED
2025-01-04 03:21:00,2025-01-04 06:12:00,3,2025-01-04 04:47:00,85.0,50.0,ADMITTED
2025-01-04 02:52:00,2025-01-04 05:25:00,3,2025-01-04 04:04:00,81.0,43.0,DISCHARGED
2025-01-04 23:42:00,2025-01-05 01:42:00,4,2025-01-05 00:48:00,54.0,39.0,DISCHARGED
2025-01-04 03:51:00,2025-01-04 06:53:00,4,2025-01-04 05:29:00,84.0,61.0,ADMITTED
2025-01-04 02:09:00,2025-01-04 04:57:00,1,2025-01-04 03:01:00,116.0,18.0,ADMITTED
2025-01-10 03:02:00,2025-01-10 05:34:00,3,2025-01-10 04:04:00,90.0,34.0,DISCHARGED
2025-01-10 01:14:00,2025-01-10 04:13:00,3,2025-01-10 02:15:00,118.0,37.0,TRANSFERRED
2025-01-10 04:24:00,2025-01-10 06:26:00,3,2025-01-10 05:23:00,63.0,37.0,DISCHARGED
2025-01-10 23:56:00,2025-01-11 02:57:00,2,2025-01-11 00:50:00,127.0,21.0,DISCHARGED
2025-01-30 00:22:00,2025-01-30 02:29:00,4,2025-01-30 01:03:00,86.0,14.0,ADMITTED
2025-01-30 23:54:00,2025-01-31 02:09:00,4,2025-01-31 01:05:00,64.0,46.0,DISCHARGED
2025-01-30 23:15:00,2025-01-31 02:05:00,3,2025-01-30 23:58:00,127.0,27.0,DISCHARGED
2025-01-30 02:06:00,2025-01-30 06:01:00,3,2025-01-30 03:09:00,172.0,32.0,ADMITTED
2025-01-30 23:30:00,2025-01-31 01:52:00,3,2025-01-31 00:37:00,75.0,41.0,DISCHARGED
2025-01-30 00:32:00,2025-01-30 04:01:00,3,2025-01-30 01:43:00,138.0,41.0,DISCHARGED
2025-01-30 04:43:00,2025-01-30 06:39:00,3,2025-01-30 05:57:00,42.0,51.0,DISCHARGED
2025-01-30 01:46:00,2025-01-30 04:38:00,3,2025-01-30 02:54:00,104.0,47.0,ADMITTED
2025-01-30 21:44:00,2025-01-31 01:05:00,2,2025-01-30 22:36:00,149.0,32.0,DISCHARGED
2025-01-30 23:20:00,2025-01-31 02:55:00,2,2025-01-31 00:15:00,160.0,20.0,TRANSFERRED
2025-02-25 04:14:00,2025-02-25 06:37:00,3,2025-02-25 04:53:00,104.0,14.0,DISCHARGED
2025-02-25 03:15:00,2025-02-25 06:13:00,3,2025-02-25 04:53:00,80.0,66.0,DISCHARGED
2025-02-25 03:05:00,2025-02-25 05:32:00,3,2025-02-25 04:04:00,88.0,35.0,DISCHARGED
2025-02-25 23:29:00,2025-02-26 02:43:00,4,2025-02-26 01:11:00,92.0,74.0,ADMITTED
2025-02-25 22:18:00,2025-02-26 01:24:00,4,2025-02-25 23:43:00,101.0,57.0,DISCHARGED
2025-02-25 22:00:00,2025-02-26 00:47:00,1,2025-02-25 22:51:00,116.0,21.0,TRANSFERRED
2025-02-25 03:51:00,2025-02-25 06:20:00,2,2025-02-25 04:31:00,109.0,25.0,TRANSFERRED
2025-02-25 00:34:00,2025-02-25 03:35:00,3,2025-02-25 01:40:00,115.0,42.0,DISCHARGED
2025-02-25 22:47:00,2025-02-26 02:21:00,3,2025-02-26 00:01:00,140.0,43.0,ADMITTED
2025-02-25 22:19:00,2025-02-26 01:20:00,2,2025-02-25 22:59:00,141.0,20.0,ADMITTED
2025-02-25 22:16:00,2025-02-26 00:08:00,3,2025-02-25 23:22:00,46.0,37.0,TRANSFERRED
2025-02-25 22:09:00,2025-02-26 01:12:00,2,2025-02-25 23:12:00,120.0,33.0,DISCHARGED
2025-01-20 02:51:00,2025-01-20 06:18:00,2,2025-01-20 03:44:00,154.0,24.0,ADMITTED
2025-01-20 23:17:00,2025-01-21 01:39:00,3,2025-01-21 00:10:00,89.0,30.0,DISCHARGED
2025-01-20 02:50:00,2025-01-20 06:13:00,4,2025-01-20 04:30:00,103.0,68.0,DISCHARGED
2025-01-20 23:04:00,2025-01-21 01:51:00,2,2025-01-21 00:01:00,110.0,27.0,TRANSFERRED
2025-01-20 00:27:00,2025-01-20 03:23:00,3,2025-01-20 01:27:00,116.0,40.0,DISCHARGED
2025-01-20 21:39:00,2025-01-21 01:24:00,1,2025-01-20 22:17:00,187.0,20.0,ADMITTED
2025-01-20 21:41:00,2025-01-21 00:39:00,2,2025-01-20 22:36:00,123.0,36.0,DISCHARGED
2025-01-20 04:17:00,2025-01-20 06:45:00,2,2025-01-20 05:00:00,105.0,20.0,ADMITTED
2025-01-20 01:12:00,2025-01-20 04:19:00,2,2025-01-20 02:01:00,138.0,25.0,ADMITTED
2025-01-20 02:13:00,2025-01-20 04:07:00,4,2025-01-20 03:05:00,62.0,35.0,ADMITTED
2025-01-20 02:17:00,2025-01-20 05:04:00,3,2025-01-20 03:40:00,84.0,60.0,TRANSFERRED
2025-01-20 21:35:00,2025-01-21 01:35:00,1,2025-01-20 22:23:00,192.0,21.0,ADMITTED
2025-01-20 20:24:00,2025-01-21 00:43:00,3,2025-01-20 22:09:00,154.0,71.0,DISCHARGED
2025-01-20 21:14:00,2025-01-21 00:35:00,3,2025-01-20 22:19:00,136.0,45.0,DISCHARGED
2025-01-20 00:31:00,2025-01-20 03:36:00,2,2025-01-20 01:17:00,139.0,26.0,DISCHARGED
2025-01-20 20:32:00,2025-01-21 00:01:00,2,2025-01-20 21:33:00,148.0,34.0,ADMITTED
2025-01-20 03:45:00,2025-01-20 06:43:00,2,2025-01-20 04:21:00,142.0,16.0,ADMITTED
2025-01-20 22:27:00,2025-01-21 00:20:00,2,2025-01-20 23:16:00,64.0,23.0,ADMITTED
2025-01-20 21:42:00,2025-01-21 00:38:00,3,2025-01-20 22:17:00,141.0,15.0,ADMITTED
2025-01-20 04:23:00,2025-01-20 06:23:00,3,2025-01-20 05:17:00,66.0,24.0,DISCHARGED
2025-01-20 23:51:00,2025-01-21 01:41:00,3,2025-01-21 00:47:00,54.0,24.0,DISCHARGED
2025-01-20 22:38:00,2025-01-21 01:44:00,4,2025-01-21 00:03:00,101.0,63.0,DISCHARGED
2025-02-13 00:59:00,2025-02-13 04:13:00,3,2025-02-13 01:39:00,154.0,20.0,ADMITTED
2025-02-13 22:50:00,2025-02-14 01:29:00,2,2025-02-13 23:37:00,112.0,24.0,DISCHARGED
2025-02-13 04:00:00,2025-02-13 06:32:00,4,2025-02-13 05:22:00,70.0,53.0,DISCHARGED
2025-02-13 20:53:00,2025-02-14 00:10:00,4,2025-02-13 22:29:00,101.0,72.0,DISCHARGED
2025-02-13 22:51:00,2025-02-14 02:00:00,3,2025-02-13 23:55:00,125.0,42.0,DISCHARGED
2025-02-13 00:40:00,2025-02-13 03:10:00,2,2025-02-13 01:32:00,98.0,25.0,ADMITTED
2025-02-13 00:17:00,2025-02-13 02:13:00,3,2025-02-13 01:13:00,60.0,38.0,DISCHARGED
2025-02-13 04:54:00,2025-02-13 06:49:00,3,2025-02-13 05:39:00,70.0,19.0,ADMITTED
2025-02-13 03:01:00,2025-02-13 06:43:00,4,2025-02-13 04:26:00,137.0,60.0,DISCHARGED
2025-02-13 20:54:00,2025-02-14 00:11:00,3,2025-02-13 22:02:00,129.0,51.0,DISCHARGED
2025-02-13 00:11:00,2025-02-13 03:10:00,2,2025-02-13 00:52:00,138.0,21.0,DISCHARGED
2025-02-13 03:01:00,2025-02-13 06:24:00,3,2025-02-13 04:33:00,111.0,63.0,DISCHARGED
2025-02-13 02:43:00,2025-02-13 05:42:00,3,2025-02-13 04:04:00,98.0,51.0,DISCHARGED
2025-02-13 22:52:00,2025-02-14 01:56:00,3,2025-02-14 00:40:00,76.0,85.0,DISCHARGED
2025-02-13 23:44:00,2025-02-14 02:30:00,3,2025-02-14 00:36:00,114.0,34.0,ADMITTED
2025-02-13 03:14:00,2025-02-13 06:59:00,2,2025-02-13 03:58:00,181.0,21.0,DISCHARGED
2025-02-13 23:24:00,2025-02-14 01:38:00,3,2025-02-14 00:50:00,48.0,52.0,DISCHARGED
2025-03-27 02:14:00,2025-03-27 05:05:00,3,2025-03-27 03:11:00,114.0,33.0,DISCHARGED
2025-03-27 00:27:00,2025-03-27 03:56:00,2,2025-03-27 01:24:00,152.0,29.0,DISCHARGED
2025-03-27 02:57:00,2025-03-27 05:12:00,2,2025-03-27 03:44:00,88.0,21.0,ADMITTED
2025-03-27 23:28:00,2025-03-28 03:25:00,2,2025-03-28 00:21:00,184.0,24.0,DISCHARGED
2025-03-27 01:21:00,2025-03-27 04:07:00,2,2025-03-27 02:07:00,120.0,21.0,ADMITTED
2025-03-27 20:57:00,2025-03-28 00:16:00,3,2025-03-27 22:23:00,113.0,58.0,DISCHARGED
2025-03-27 22:04:00,2025-03-28 00:24:00,3,2025-03-27 23:08:00,76.0,39.0,DISCHARGED
2025-03-27 03:37:00,2025-03-27 06:36:00,3,2025-03-27 04:53:00,103.0,52.0,DISCHARGED
2025-03-27 05:01:00,2025-03-27 06:29:00,4,2025-03-27 05:49:00,40.0,26.0,TRANSFERRED
2025-03-27 21:37:00,2025-03-28 00:47:00,3,2025-03-27 23:01:00,106.0,61.0,DISCHARGED
2025-03-27 04:15:00,2025-03-27 06:56:00,3,2025-03-27 05:35:00,81.0,53.0,DISCHARGED
2025-03-27 04:17:00,2025-03-27 06:34:00,3,2025-03-27 05:09:00,85.0,24.0,DISCHARGED
2025-03-27 01:09:00,2025-03-27 03:49:00,3,2025-03-27 02:12:00,97.0,29.0,DISCHARGED
2025-03-27 21:27:00,2025-03-28 00:05:00,3,2025-03-27 22:30:00,95.0,29.0,ADMITTED
2025-03-27 02:10:00,2025-03-27 04:49:00,4,2025-03-27 03:44:00,65.0,65.0,DISCHARGED
2025-03-27 02:48:00,2025-03-27 04:58:00,3,2025-03-27 03:42:00,76.0,35.0,DISCHARGED
2025-01-25 02:27:00,2025-01-25 06:00:00,2,2025-01-25 03:21:00,159.0,25.0,ADMITTED
2025-01-25 20:32:00,2025-01-26 00:01:00,3,2025-01-25 22:14:00,107.0,65.0,DISCHARGED
2025-01-25 02:40:00,2025-01-25 05:26:00,3,2025-01-25 03:47:00,99.0,38.0,ADMITTED
2025-01-25 21:52:00,2025-01-26 00:41:00,3,2025-01-25 22:53:00,108.0,30.0,DISCHARGED
2025-01-25 20:25:00,2025-01-26 00:03:00,1,2025-01-25 21:15:00,168.0,25.0,ADMITTED
2025-01-25 23:18:00,2025-01-26 02:22:00,3,2025-01-26 00:29:00,113.0,45.0,ADMITTED
2025-01-25 21:53:00,2025-01-26 00:24:00,3,2025-01-25 22:55:00,89.0,33.0,ADMITTED
2025-01-25 22:07:00,2025-01-26 02:25:00,2,2025-01-25 23:24:00,181.0,41.0,DISCHARGED
2025-01-25 23:30:00,2025-01-26 01:17:00,3,2025-01-26 00:07:00,70.0,17.0,TRANSFERRED
2025-01-25 04:38:00,2025-01-25 06:54:00,4,2025-01-25 05:27:00,87.0,30.0,DISCHARGED
2025-01-25 22:15:00,2025-01-26 01:27:00,3,2025-01-25 23:22:00,125.0,43.0,ADMITTED
2025-03-16 23:11:00,2025-03-17 01:27:00,3,2025-03-17 00:08:00,79.0,33.0,ADMITTED
2025-03-16 00:30:00,2025-03-16 03:34:00,2,2025-03-16 01:30:00,124.0,31.0,ADMITTED
2025-03-16 23:17:00,2025-03-17 02:09:00,4,2025-03-17 00:41:00,88.0,60.0,ADMITTED
2025-03-16 23:10:00,2025-03-17 02:06:00,3,2025-03-17 00:34:00,92.0,56.0,DISCHARGED
2025-03-16 22:51:00,2025-03-17 01:54:00,2,2025-03-16 23:53:00,121.0,37.0,ADMITTED
2025-03-16 02:10:00,2025-03-16 04:28:00,3,2025-03-16 03:06:00,82.0,27.0,DISCHARGED
2025-03-16 22:49:00,2025-03-17 01:04:00,4,2025-03-17 00:15:00,49.0,45.0,DISCHARGED
2025-03-16 21:16:00,2025-03-17 00:44:00,2,2025-03-16 22:13:00,151.0,27.0,DISCHARGED
2025-03-16 01:21:00,2025-03-16 03:55:00,2,2025-03-16 02:07:00,108.0,25.0,DISCHARGED
2025-03-16 03:48:00,2025-03-16 06:09:00,2,2025-03-16 04:40:00,89.0,28.0,DISCHARGED
2025-03-16 03:14:00,2025-03-16 06:10:00,4,2025-03-16 04:51:00,79.0,69.0,DISCHARGED
2025-01-21 02:38:00,2025-01-21 04:47:00,3,2025-01-21 03:16:00,91.0,11.0,DISCHARGED
2025-01-21 21:27:00,2025-01-22 00:10:00,3,2025-01-21 22:47:00,83.0,52.0,DISCHARGED
2025-01-21 23:14:00,2025-01-22 01:25:00,3,2025-01-22 00:27:00,58.0,47.0,DISCHARGED
2025-01-21 21:06:00,2025-01-22 00:10:00,2,2025-01-21 22:11:00,119.0,41.0,DISCHARGED
2025-01-21 23:16:00,2025-01-22 02:21:00,1,2025-01-21 23:58:00,143.0,20.0,ADMITTED
2025-01-21 03:58:00,2025-01-21 06:01:00,3,2025-01-21 05:03:00,58.0,41.0,DISCHARGED
2025-01-21 03:17:00,2025-01-21 05:32:00,1,2025-01-21 03:56:00,96.0,12.0,ADMITTED
2025-01-21 23:43:00,2025-01-22 01:51:00,3,2025-01-22 00:23:00,88.0,22.0,DISCHARGED
2025-01-21 03:19:00,2025-01-21 05:38:00,3,2025-01-21 04:08:00,90.0,28.0,DISCHARGED
2025-01-21 03:14:00,2025-01-21 06:07:00,2,2025-01-21 04:19:00,108.0,44.0,DISCHARGED
2025-01-21 04:09:00,2025-01-21 06:52:00,3,2025-01-21 04:58:00,114.0,26.0,DISCHARGED
2025-01-21 23:05:00,2025-01-22 01:22:00,3,2025-01-22 00:12:00,70.0,48.0,ADMITTED
2025-01-21 21:44:00,2025-01-22 01:25:00,2,2025-01-21 22:39:00,166.0,36.0,ADMITTED
2025-01-21 03:22:00,2025-01-21 06:50:00,2,2025-01-21 04:24:00,146.0,34.0,DISCHARGED
2025-01-21 22:23:00,2025-01-22 01:04:00,3,2025-01-21 23:32:00,92.0,44.0,ADMITTED
2025-01-21 22:37:00,2025-01-22 01:56:00,3,2025-01-21 23:49:00,127.0,48.0,DISCHARGED
2025-01-21 21:51:00,2025-01-22 01:20:00,2,2025-01-21 22:36:00,164.0,19.0,DISCHARGED
2025-01-21 20:54:00,2025-01-22 00:18:00,3,2025-01-21 22:18:00,120.0,58.0,ADMITTED
2025-01-21 04:04:00,2025-01-21 06:53:00,2,2025-01-21 04:44:00,129.0,26.0,DISCHARGED
2025-01-21 21:27:00,2025-01-22 00:34:00,1,2025-01-21 22:15:00,139.0,26.0,ADMITTED
2025-01-21 03:46:00,2025-01-21 06:50:00,2,2025-01-21 04:33:00,137.0,25.0,TRANSFERRED
2025-01-26 03:29:00,2025-01-26 06:34:00,1,2025-01-26 04:13:00,141.0,14.0,ADMITTED
2025-01-26 20:50:00,2025-01-27 00:14:00,1,2025-01-26 21:42:00,152.0,23.0,DISCHARGED
2025-01-26 01:52:00,2025-01-26 04:40:00,3,2025-01-26 03:04:00,96.0,49.0,ADMITTED
2025-01-26 21:55:00,2025-01-27 01:19:00,2,2025-01-26 23:01:00,138.0,38.0,DISCHARGED
2025-01-26 03:41:00,2025-01-26 06:19:00,2,2025-01-26 04:42:00,97.0,24.0,ADMITTED
2025-01-26 01:09:00,2025-01-26 04:04:00,3,2025-01-26 02:45:00,79.0,65.0,DISCHARGED
2025-01-26 22:25:00,2025-01-27 01:27:00,3,2025-01-26 23:33:00,114.0,37.0,ADMITTED
2025-01-26 03:58:00,2025-01-26 05:51:00,1,2025-01-26 04:45:00,66.0,27.0,DISCHARGED
2025-01-26 21:36:00,2025-01-27 00:47:00,1,2025-01-26 22:18:00,149.0,19.0,ADMITTED
2025-01-26 04:02:00,2025-01-26 06:35:00,2,2025-01-26 04:50:00,105.0,24.0,ADMITTED
2025-03-18 01:27:00,2025-03-18 04:50:00,2,2025-03-18 02:30:00,140.0,39.0,DISCHARGED
2025-03-18 00:45:00,2025-03-18 03:00:00,4,2025-03-18 01:45:00,75.0,45.0,DISCHARGED
2025-03-18 22:25:00,2025-03-19 01:02:00,3,2025-03-18 23:43:00,79.0,52.0,DISCHARGED
2025-03-18 21:39:00,2025-03-19 00:02:00,4,2025-03-18 22:53:00,69.0,43.0,DISCHARGED
2025-03-18 03:00:00,2025-03-18 04:50:00,3,2025-03-18 03:58:00,52.0,32.0,DISCHARGED
2025-03-18 03:42:00,2025-03-18 06:28:00,2,2025-03-18 04:32:00,116.0,19.0,ADMITTED
2025-03-18 21:11:00,2025-03-19 00:24:00,3,2025-03-18 22:34:00,110.0,58.0,DISCHARGED
2025-03-18 23:15:00,2025-03-19 02:43:00,2,2025-03-19 00:24:00,139.0,37.0,DISCHARGED
2025-03-18 03:03:00,2025-03-18 05:31:00,3,2025-03-18 04:04:00,87.0,37.0,ADMITTED
2025-03-18 21:31:00,2025-03-19 00:13:00,2,2025-03-18 22:25:00,108.0,29.0,DISCHARGED
2025-03-18 01:30:00,2025-03-18 03:46:00,3,2025-03-18 02:25:00,81.0,33.0,DISCHARGED
2025-02-26 21:30:00,2025-02-27 00:06:00,3,2025-02-26 22:35:00,91.0,50.0,ADMITTED
2025-02-26 21:47:00,2025-02-27 00:37:00,2,2025-02-26 22:33:00,124.0,15.0,DISCHARGED
2025-02-26 22:47:00,2025-02-27 00:51:00,4,2025-02-26 23:37:00,74.0,26.0,DISCHARGED
2025-02-26 22:09:00,2025-02-27 01:25:00,2,2025-02-26 23:07:00,138.0,30.0,ADMITTED
2025-02-26 02:12:00,2025-02-26 04:59:00,4,2025-02-26 03:30:00,89.0,49.0,DISCHARGED
2025-02-26 22:36:00,2025-02-27 01:20:00,3,2025-02-26 23:37:00,103.0,39.0,ADMITTED
2025-02-26 22:15:00,2025-02-27 00:45:00,2,2025-02-26 23:00:00,105.0,22.0,ADMITTED
2025-02-26 00:08:00,2025-02-26 03:26:00,3,2025-02-26 01:25:00,121.0,51.0,DISCHARGED
2025-02-26 01:48:00,2025-02-26 04:27:00,3,2025-02-26 03:04:00,83.0,49.0,DISCHARGED
2025-02-26 23:44:00,2025-02-27 02:00:00,3,2025-02-27 00:45:00,75.0,40.0,DISCHARGED
2025-02-26 22:17:00,2025-02-27 01:11:00,3,2025-02-26 23:26:00,105.0,46.0,ADMITTED
2025-02-26 03:25:00,2025-02-26 05:32:00,4,2025-02-26 04:08:00,84.0,14.0,ADMITTED
2025-02-26 01:41:00,2025-02-26 04:49:00,3,2025-02-26 02:44:00,125.0,40.0,ADMITTED
2025-02-26 21:26:00,2025-02-27 00:03:00,3,2025-02-26 22:34:00,89.0,39.0,DISCHARGED
2025-01-08 01:25:00,2025-01-08 04:51:00,3,2025-01-08 02:44:00,127.0,43.0,DISCHARGED
2025-01-08 00:32:00,2025-01-08 03:14:00,3,2025-01-08 01:24:00,110.0,23.0,ADMITTED
2025-01-08 20:24:00,2025-01-09 00:59:00,1,2025-01-08 21:25:00,214.0,22.0,ADMITTED
2025-01-08 02:22:00,2025-01-08 05:47:00,2,2025-01-08 03:14:00,153.0,20.0,DISCHARGED
2025-01-08 22:03:00,2025-01-09 00:53:00,3,2025-01-08 23:05:00,108.0,36.0,DISCHARGED
2025-01-08 02:40:00,2025-01-08 06:04:00,1,2025-01-08 03:21:00,163.0,19.0,TRANSFERRED
2025-01-08 23:35:00,2025-01-09 01:47:00,2,2025-01-09 00:21:00,86.0,24.0,ADMITTED
2025-02-22 04:06:00,2025-02-22 06:33:00,3,2025-02-22 04:54:00,99.0,23.0,DISCHARGED
2025-02-22 00:23:00,2025-02-22 03:29:00,3,2025-02-22 01:58:00,91.0,55.0,ADMITTED
2025-02-22 04:29:00,2025-02-22 06:55:00,3,2025-02-22 05:26:00,89.0,33.0,DISCHARGED
2025-02-22 03:56:00,2025-02-22 06:10:00,3,2025-02-22 05:23:00,47.0,53.0,ADMITTED
2025-02-22 02:06:00,2025-02-22 05:08:00,3,2025-02-22 02:52:00,136.0,17.0,DISCHARGED
2025-03-10 22:27:00,2025-03-11 01:37:00,3,2025-03-10 23:32:00,125.0,47.0,ADMITTED
2025-03-10 02:09:00,2025-03-10 05:03:00,2,2025-03-10 02:54:00,129.0,16.0,DISCHARGED
2025-03-10 22:01:00,2025-03-11 00:16:00,4,2025-03-10 23:36:00,40.0,67.0,DISCHARGED
2025-03-10 22:32:00,2025-03-11 01:12:00,4,2025-03-10 23:44:00,88.0,47.0,DISCHARGED
2025-03-10 02:25:00,2025-03-10 05:24:00,2,2025-03-10 03:30:00,114.0,30.0,DISCHARGED
2025-01-03 22:54:00,2025-01-04 01:20:00,3,2025-01-03 23:33:00,107.0,19.0,DISCHARGED
2025-01-03 03:31:00,2025-01-03 06:03:00,3,2025-01-03 04:34:00,89.0,29.0,DISCHARGED
2025-01-03 00:22:00,2025-01-03 02:58:00,3,2025-01-03 01:22:00,96.0,35.0,DISCHARGED
2025-01-03 03:19:00,2025-01-03 05:27:00,3,2025-01-03 04:27:00,60.0,48.0,DISCHARGED
2025-01-03 00:42:00,2025-01-03 02:34:00,3,2025-01-03 01:54:00,40.0,46.0,DISCHARGED
2025-01-03 00:13:00,2025-01-03 02:22:00,2,2025-01-03 00:50:00,92.0,16.0,ADMITTED
2025-01-03 00:41:00,2025-01-03 04:11:00,2,2025-01-03 01:41:00,150.0,25.0,DISCHARGED
2025-01-03 23:34:00,2025-01-04 02:48:00,2,2025-01-04 00:21:00,147.0,22.0,ADMITTED
2025-01-03 02:27:00,2025-01-03 05:01:00,3,2025-01-03 03:51:00,70.0,61.0,DISCHARGED
2025-01-03 00:36:00,2025-01-03 03:32:00,4,2025-01-03 01:55:00,97.0,54.0,DISCHARGED
2025-01-03 01:08:00,2025-01-03 03:21:00,3,2025-01-03 02:18:00,63.0,45.0,DISCHARGED
2025-01-03 01:36:00,2025-01-03 03:30:00,3,2025-01-03 02:17:00,73.0,12.0,DISCHARGED
2025-01-03 00:33:00,2025-01-03 03:19:00,4,2025-01-03 02:03:00,76.0,57.0,DISCHARGED
2025-01-03 23:38:00,2025-01-04 03:12:00,1,2025-01-04 00:15:00,177.0,18.0,ADMITTED
2025-01-03 03:17:00,2025-01-03 06:48:00,1,2025-01-03 03:54:00,174.0,17.0,DISCHARGED
2025-01-03 02:34:00,2025-01-03 05:14:00,4,2025-01-03 03:46:00,88.0,47.0,DISCHARGED
2025-01-03 23:30:00,2025-01-04 02:14:00,4,2025-01-04 01:00:00,74.0,62.0,DISCHARGED
2025-03-11 00:11:00,2025-03-11 02:55:00,3,2025-03-11 01:31:00,84.0,53.0,DISCHARGED
2025-03-11 01:47:00,2025-03-11 03:59:00,3,2025-03-11 02:43:00,76.0,30.0,DISCHARGED
2025-03-11 02:49:00,2025-03-11 05:57:00,3,2025-03-11 04:16:00,101.0,53.0,DISCHARGED
2025-03-11 03:46:00,2025-03-11 06:07:00,3,2025-03-11 04:36:00,91.0,18.0,DISCHARGED
2025-03-11 00:15:00,2025-03-11 03:33:00,2,2025-03-11 01:17:00,136.0,35.0,DISCHARGED
2025-03-11 23:45:00,2025-03-12 02:06:00,3,2025-03-12 00:58:00,68.0,57.0,TRANSFERRED
2025-03-11 23:26:00,2025-03-12 02:05:00,2,2025-03-12 00:18:00,107.0,21.0,DISCHARGED
2025-03-11 21:27:00,2025-03-12 00:11:00,3,2025-03-11 22:56:00,75.0,57.0,DISCHARGED
2025-03-11 03:16:00,2025-03-11 05:38:00,2,2025-03-11 04:04:00,94.0,17.0,DISCHARGED
2025-01-29 00:49:00,2025-01-29 04:26:00,3,2025-01-29 01:42:00,164.0,37.0,ADMITTED
2025-01-29 03:09:00,2025-01-29 06:04:00,3,2025-01-29 04:10:00,114.0,37.0,DISCHARGED
2025-01-29 23:03:00,2025-01-30 02:34:00,3,2025-01-30 00:24:00,130.0,58.0,DISCHARGED
2025-01-29 02:37:00,2025-01-29 04:43:00,2,2025-01-29 03:35:00,68.0,30.0,ADMITTED
2025-01-29 19:59:00,2025-01-30 00:24:00,2,2025-01-29 20:46:00,218.0,22.0,DISCHARGED
2025-01-29 04:07:00,2025-01-29 06:37:00,3,2025-01-29 05:33:00,64.0,57.0,ADMITTED
2025-01-29 01:51:00,2025-01-29 05:08:00,3,2025-01-29 02:50:00,138.0,38.0,ADMITTED
2025-01-29 01:14:00,2025-01-29 04:07:00,3,2025-01-29 02:33:00,94.0,58.0,DISCHARGED
2025-01-29 01:34:00,2025-01-29 04:10:00,3,2025-01-29 02:05:00,125.0,11.0,DISCHARGED
2025-01-29 21:46:00,2025-01-30 00:59:00,2,2025-01-29 22:35:00,144.0,15.0,DISCHARGED
2025-01-29 00:54:00,2025-01-29 02:58:00,3,2025-01-29 01:56:00,62.0,41.0,DISCHARGED
2025-01-29 04:06:00,2025-01-29 05:48:00,3,2025-01-29 04:53:00,55.0,29.0,DISCHARGED
2025-03-08 22:09:00,2025-03-09 00:18:00,3,2025-03-08 23:13:00,65.0,36.0,DISCHARGED
2025-03-08 03:43:00,2025-03-08 06:44:00,3,2025-03-08 04:55:00,109.0,37.0,DISCHARGED
2025-03-08 19:55:00,2025-03-09 00:08:00,1,2025-03-08 20:59:00,189.0,25.0,DISCHARGED
2025-03-08 22:04:00,2025-03-09 00:36:00,4,2025-03-08 22:40:00,116.0,20.0,DISCHARGED
2025-03-08 02:55:00,2025-03-08 06:02:00,3,2025-03-08 03:43:00,139.0,23.0,DISCHARGED
2025-03-08 23:05:00,2025-03-09 02:09:00,4,2025-03-09 00:21:00,108.0,55.0,DISCHARGED
2025-03-08 20:45:00,2025-03-09 00:05:00,2,2025-03-08 21:27:00,158.0,14.0,ADMITTED
2025-03-08 23:42:00,2025-03-09 02:42:00,3,2025-03-09 00:46:00,116.0,30.0,DISCHARGED
2025-03-08 02:58:00,2025-03-08 05:37:00,3,2025-03-08 04:02:00,95.0,33.0,ADMITTED
2025-03-08 00:40:00,2025-03-08 04:02:00,1,2025-03-08 01:26:00,156.0,14.0,ADMITTED
2025-03-08 01:42:00,2025-03-08 04:19:00,3,2025-03-08 02:46:00,93.0,38.0,ADMITTED
2025-03-08 01:11:00,2025-03-08 03:18:00,3,2025-03-08 02:20:00,58.0,37.0,DISCHARGED
2025-03-08 03:23:00,2025-03-08 06:17:00,3,2025-03-08 04:30:00,107.0,40.0,DISCHARGED
2025-03-08 00:15:00,2025-03-08 03:47:00,2,2025-03-08 01:05:00,162.0,24.0,ADMITTED
2025-03-08 04:15:00,2025-03-08 06:53:00,4,2025-03-08 05:37:00,76.0,53.0,DISCHARGED
2025-03-08 02:49:00,2025-03-08 04:53:00,2,2025-03-08 03:31:00,82.0,18.0,ADMITTED
2025-03-25 20:49:00,2025-03-26 00:15:00,2,2025-03-25 21:54:00,141.0,43.0,DISCHARGED
2025-03-25 04:26:00,2025-03-25 06:57:00,2,2025-03-25 05:21:00,96.0,30.0,DISCHARGED
2025-03-25 22:18:00,2025-03-26 01:04:00,4,2025-03-25 23:31:00,93.0,35.0,DISCHARGED
2025-03-25 03:54:00,2025-03-25 06:26:00,3,2025-03-25 04:35:00,111.0,14.0,DISCHARGED
2025-03-25 00:06:00,2025-03-25 02:36:00,2,2025-03-25 00:49:00,107.0,19.0,DISCHARGED
2025-03-25 23:40:00,2025-03-26 02:10:00,3,2025-03-26 00:49:00,81.0,41.0,ADMITTED
2025-03-25 01:12:00,2025-03-25 04:30:00,3,2025-03-25 02:17:00,133.0,36.0,ADMITTED
2025-03-25 02:59:00,2025-03-25 06:06:00,3,2025-03-25 03:57:00,129.0,36.0,DISCHARGED
2025-03-25 22:25:00,2025-03-26 01:44:00,3,2025-03-25 23:29:00,135.0,35.0,DISCHARGED
2025-03-25 21:43:00,2025-03-26 00:01:00,3,2025-03-25 22:52:00,69.0,50.0,DISCHARGED
2025-03-25 22:06:00,2025-03-26 00:28:00,2,2025-03-25 22:58:00,90.0,17.0,DISCHARGED
2025-03-25 00:15:00,2025-03-25 03:15:00,1,2025-03-25 00:57:00,138.0,13.0,ADMITTED
2025-02-19 02:33:00,2025-02-19 04:59:00,3,2025-02-19 03:35:00,84.0,34.0,DISCHARGED
2025-02-19 02:34:00,2025-02-19 05:07:00,3,2025-02-19 03:29:00,98.0,27.0,TRANSFERRED
2025-02-19 02:49:00,2025-02-19 04:29:00,3,2025-02-19 03:31:00,58.0,23.0,TRANSFERRED
2025-02-19 00:15:00,2025-02-19 03:21:00,3,2025-02-19 01:13:00,128.0,44.0,DISCHARGED
2025-02-19 21:44:00,2025-02-20 00:39:00,1,2025-02-19 22:24:00,135.0,14.0,ADMITTED
2025-02-19 04:15:00,2025-02-19 06:38:00,3,2025-02-19 05:27:00,71.0,45.0,DISCHARGED
2025-02-19 23:02:00,2025-02-20 01:59:00,3,2025-02-19 23:58:00,121.0,29.0,ADMITTED
2025-02-19 23:34:00,2025-02-20 03:15:00,2,2025-02-20 00:34:00,161.0,37.0,DISCHARGED
2025-02-19 00:34:00,2025-02-19 04:39:00,2,2025-02-19 01:38:00,181.0,27.0,DISCHARGED
2025-02-19 00:38:00,2025-02-19 03:34:00,3,2025-02-19 01:51:00,103.0,46.0,DISCHARGED
2025-02-19 02:33:00,2025-02-19 05:10:00,4,2025-02-19 03:48:00,82.0,44.0,DISCHARGED
2025-02-19 03:39:00,2025-02-19 05:55:00,4,2025-02-19 04:52:00,63.0,57.0,DISCHARGED
2025-02-09 22:25:00,2025-02-10 01:17:00,1,2025-02-09 23:10:00,127.0,16.0,ADMITTED
2025-02-09 03:33:00,2025-02-09 06:23:00,3,2025-02-09 04:42:00,101.0,45.0,DISCHARGED
2025-02-09 21:33:00,2025-02-10 01:17:00,2,2025-02-09 22:23:00,174.0,31.0,DISCHARGED
2025-02-09 23:21:00,2025-02-10 02:47:00,2,2025-02-10 00:17:00,150.0,32.0,ADMITTED
2025-02-09 01:16:00,2025-02-09 04:52:00,1,2025-02-09 01:59:00,173.0,13.0,DISCHARGED
2025-02-09 22:34:00,2025-02-10 01:28:00,3,2025-02-09 23:55:00,93.0,62.0,DISCHARGED
2025-02-09 23:24:00,2025-02-10 01:26:00,4,2025-02-10 00:26:00,60.0,39.0,DISCHARGED
2025-02-09 20:45:00,2025-02-10 00:12:00,3,2025-02-09 22:03:00,129.0,50.0,DISCHARGED
2025-02-09 00:15:00,2025-02-09 03:16:00,2,2025-02-09 01:11:00,125.0,26.0,ADMITTED
2025-02-09 23:13:00,2025-02-10 02:25:00,2,2025-02-09 23:57:00,148.0,16.0,DISCHARGED
2025-02-09 01:36:00,2025-02-09 03:41:00,4,2025-02-09 03:01:00,40.0,57.0,DISCHARGED
2025-02-09 02:11:00,2025-02-09 04:56:00,4,2025-02-09 03:24:00,92.0,52.0,DISCHARGED
2025-02-09 00:35:00,2025-02-09 02:47:00,3,2025-02-09 01:30:00,77.0,27.0,DISCHARGED
2025-03-17 22:39:00,2025-03-18 01:38:00,4,2025-03-18 00:07:00,91.0,56.0,DISCHARGED
2025-03-17 23:08:00,2025-03-18 00:57:00,2,2025-03-17 23:57:00,60.0,22.0,ADMITTED
2025-03-17 22:33:00,2025-03-18 01:04:00,3,2025-03-17 23:31:00,93.0,26.0,ADMITTED
2025-03-17 20:49:00,2025-03-18 00:13:00,1,2025-03-17 21:31:00,162.0,22.0,DISCHARGED
2025-03-17 02:00:00,2025-03-17 04:50:00,2,2025-03-17 02:58:00,112.0,32.0,DISCHARGED
2025-03-17 01:07:00,2025-03-17 04:13:00,2,2025-03-17 02:00:00,133.0,20.0,DISCHARGED
2025-03-17 02:36:00,2025-03-17 05:48:00,4,2025-03-17 03:50:00,118.0,48.0,DISCHARGED
2025-03-17 04:00:00,2025-03-17 06:25:00,4,2025-03-17 05:21:00,64.0,49.0,DISCHARGED
2025-03-17 21:30:00,2025-03-18 00:20:00,2,2025-03-17 22:34:00,106.0,24.0,DISCHARGED
2025-03-17 04:44:00,2025-03-17 06:51:00,2,2025-03-17 05:33:00,78.0,19.0,DISCHARGED
2025-03-17 00:01:00,2025-03-17 03:39:00,3,2025-03-17 01:26:00,133.0,58.0,DISCHARGED
2025-03-17 00:22:00,2025-03-17 02:41:00,3,2025-03-17 01:51:00,50.0,64.0,DISCHARGED
2025-03-23 01:40:00,2025-03-23 04:52:00,2,2025-03-23 02:30:00,142.0,29.0,ADMITTED
2025-03-23 01:26:00,2025-03-23 03:50:00,1,2025-03-23 02:13:00,97.0,24.0,ADMITTED
2025-03-23 03:11:00,2025-03-23 06:23:00,2,2025-03-23 04:06:00,137.0,26.0,DISCHARGED
2025-03-23 03:13:00,2025-03-23 06:22:00,1,2025-03-23 03:58:00,144.0,13.0,DISCHARGED
2025-03-23 02:16:00,2025-03-23 04:26:00,4,2025-03-23 03:25:00,61.0,47.0,DISCHARGED
2025-03-23 01:23:00,2025-03-23 04:33:00,2,2025-03-23 02:12:00,141.0,24.0,DISCHARGED
2025-03-23 23:08:00,2025-03-24 01:59:00,3,2025-03-24 00:12:00,107.0,42.0,DISCHARGED
2025-03-23 00:07:00,2025-03-23 02:35:00,4,2025-03-23 01:14:00,81.0,41.0,DISCHARGED
2025-03-23 20:37:00,2025-03-24 00:03:00,4,2025-03-23 22:10:00,113.0,71.0,ADMITTED
2025-03-23 03:30:00,2025-03-23 06:17:00,3,2025-03-23 04:20:00,117.0,33.0,ADMITTED
2025-03-23 02:06:00,2025-03-23 04:25:00,4,2025-03-23 03:09:00,76.0,32.0,DISCHARGED
2025-03-23 23:44:00,2025-03-24 02:56:00,2,2025-03-24 00:32:00,144.0,27.0,DISCHARGED
2025-03-23 03:22:00,2025-03-23 06:19:00,4,2025-03-23 04:46:00,93.0,60.0,DISCHARGED
2025-03-23 01:56:00,2025-03-23 05:11:00,2,2025-03-23 02:45:00,146.0,27.0,DISCHARGED
2025-01-19 22:37:00,2025-01-20 01:15:00,1,2025-01-19 23:14:00,121.0,17.0,DISCHARGED
2025-01-19 23:29:00,2025-01-20 01:35:00,3,2025-01-20 00:23:00,72.0,29.0,DISCHARGED
2025-01-19 21:47:00,2025-01-20 01:04:00,3,2025-01-19 22:58:00,126.0,37.0,ADMITTED
2025-01-19 03:04:00,2025-01-19 06:19:00,2,2025-01-19 03:40:00,159.0,11.0,DISCHARGED
2025-01-19 22:23:00,2025-01-20 00:51:00,4,2025-01-19 23:33:00,78.0,38.0,DISCHARGED
2025-01-19 03:58:00,2025-01-19 06:40:00,3,2025-01-19 04:57:00,103.0,37.0,DISCHARGED
2025-01-19 02:26:00,2025-01-19 05:22:00,3,2025-01-19 03:50:00,92.0,52.0,DISCHARGED
2025-01-19 03:00:00,2025-01-19 04:46:00,2,2025-01-19 04:00:00,46.0,33.0,ADMITTED
2025-01-19 22:27:00,2025-01-20 00:40:00,4,2025-01-19 23:32:00,68.0,42.0,DISCHARGED
2025-01-19 00:03:00,2025-01-19 03:09:00,3,2025-01-19 01:01:00,128.0,36.0,DISCHARGED
2025-01-19 22:29:00,2025-01-20 00:47:00,4,2025-01-19 23:49:00,58.0,48.0,ADMITTED
2025-01-19 23:42:00,2025-01-20 03:13:00,2,2025-01-20 00:32:00,161.0,29.0,ADMITTED
2025-01-19 04:10:00,2025-01-19 05:59:00,3,2025-01-19 05:05:00,54.0,34.0,DISCHARGED
2025-01-19 22:49:00,2025-01-20 01:38:00,3,2025-01-19 23:53:00,105.0,26.0,DISCHARGED
2025-01-19 21:30:00,2025-01-20 00:13:00,3,2025-01-19 22:40:00,93.0,43.0,ADMITTED
2025-01-19 21:37:00,2025-01-20 01:12:00,3,2025-01-19 22:45:00,147.0,39.0,DISCHARGED
2025-01-19 01:48:00,2025-01-19 04:47:00,4,2025-01-19 03:01:00,106.0,40.0,ADMITTED
2025-01-31 02:39:00,2025-01-31 04:57:00,3,2025-01-31 03:55:00,62.0,43.0,ADMITTED
2025-01-31 03:19:00,2025-01-31 05:29:00,1,2025-01-31 03:58:00,91.0,14.0,ADMITTED
2025-01-31 01:44:00,2025-01-31 05:25:00,2,2025-01-31 02:48:00,157.0,39.0,ADMITTED
2025-01-31 00:27:00,2025-01-31 03:06:00,2,2025-01-31 01:11:00,115.0,13.0,DISCHARGED
2025-01-31 01:47:00,2025-01-31 05:09:00,2,2025-01-31 02:44:00,145.0,27.0,ADMITTED
2025-01-31 23:09:00,2025-02-01 02:09:00,3,2025-02-01 00:18:00,111.0,40.0,DISCHARGED
2025-01-31 04:12:00,2025-01-31 06:55:00,4,2025-01-31 05:37:00,78.0,60.0,DISCHARGED
2025-01-09 22:57:00,2025-01-10 02:31:00,2,2025-01-09 23:44:00,167.0,26.0,DISCHARGED
2025-01-09 00:16:00,2025-01-09 03:36:00,1,2025-01-09 01:05:00,151.0,11.0,ADMITTED
2025-01-09 00:01:00,2025-01-09 02:02:00,3,2025-01-09 01:22:00,40.0,61.0,DISCHARGED
2025-01-09 00:05:00,2025-01-09 03:03:00,3,2025-01-09 01:05:00,118.0,45.0,DISCHARGED
2025-01-09 22:26:00,2025-01-10 00:33:00,3,2025-01-09 23:14:00,79.0,36.0,DISCHARGED
2025-01-09 21:30:00,2025-01-10 00:08:00,3,2025-01-09 22:28:00,100.0,30.0,DISCHARGED
2025-01-09 01:56:00,2025-01-09 05:16:00,3,2025-01-09 03:14:00,122.0,49.0,ADMITTED
2025-01-09 02:16:00,2025-01-09 05:03:00,3,2025-01-09 03:19:00,104.0,40.0,ADMITTED
2025-01-09 03:40:00,2025-01-09 06:49:00,1,2025-01-09 04:21:00,148.0,17.0,ADMITTED
2025-01-18 04:00:00,2025-01-18 06:40:00,4,2025-01-18 05:06:00,94.0,36.0,DISCHARGED
2025-01-18 22:15:00,2025-01-19 01:03:00,2,2025-01-18 23:05:00,118.0,30.0,DISCHARGED
2025-01-18 02:11:00,2025-01-18 05:29:00,2,2025-01-18 02:56:00,153.0,24.0,ADMITTED
2025-01-18 04:02:00,2025-01-18 06:53:00,1,2025-01-18 04:43:00,130.0,15.0,ADMITTED
2025-01-18 00:29:00,2025-01-18 04:00:00,2,2025-01-18 01:15:00,165.0,22.0,DISCHARGED
2025-01-18 21:43:00,2025-01-19 01:20:00,1,2025-01-18 22:22:00,178.0,17.0,ADMITTED
2025-01-18 04:43:00,2025-01-18 06:50:00,3,2025-01-18 06:07:00,43.0,59.0,DISCHARGED
2025-01-18 04:22:00,2025-01-18 06:41:00,4,2025-01-18 05:48:00,53.0,55.0,DISCHARGED
2025-01-18 21:44:00,2025-01-19 01:13:00,1,2025-01-18 22:40:00,153.0,24.0,ADMITTED
2025-01-18 01:33:00,2025-01-18 04:28:00,2,2025-01-18 02:31:00,117.0,33.0,DISCHARGED
2025-01-18 01:59:00,2025-01-18 05:22:00,3,2025-01-18 03:00:00,142.0,34.0,DISCHARGED
2025-01-18 03:08:00,2025-01-18 05:43:00,2,2025-01-18 04:00:00,103.0,28.0,ADMITTED
2025-01-18 21:08:00,2025-01-19 01:23:00,3,2025-01-18 22:39:00,164.0,62.0,DISCHARGED
2025-01-18 00:43:00,2025-01-18 03:42:00,3,2025-01-18 02:02:00,100.0,51.0,ADMITTED
2025-01-18 02:00:00,2025-01-18 04:35:00,3,2025-01-18 03:17:00,78.0,42.0,DISCHARGED
2025-01-18 04:17:00,2025-01-18 06:26:00,3,2025-01-18 04:58:00,88.0,18.0,ADMITTED
2025-01-18 00:25:00,2025-01-18 03:25:00,3,2025-01-18 01:57:00,88.0,59.0,DISCHARGED
2025-01-18 01:06:00,2025-01-18 04:45:00,2,2025-01-18 02:04:00,161.0,31.0,TRANSFERRED
2025-01-22 02:14:00,2025-01-22 05:43:00,1,2025-01-22 03:01:00,162.0,21.0,TRANSFERRED
2025-01-22 21:58:00,2025-01-23 01:05:00,3,2025-01-22 23:28:00,97.0,52.0,DISCHARGED
2025-01-22 21:08:00,2025-01-23 00:18:00,1,2025-01-22 21:55:00,143.0,20.0,ADMITTED
2025-01-22 03:00:00,2025-01-22 06:39:00,3,2025-01-22 04:10:00,149.0,45.0,DISCHARGED
2025-01-22 23:09:00,2025-01-23 02:17:00,2,2025-01-23 00:25:00,112.0,46.0,ADMITTED
2025-01-22 01:59:00,2025-01-22 05:19:00,3,2025-01-22 03:11:00,128.0,45.0,ADMITTED
2025-01-22 23:30:00,2025-01-23 03:10:00,2,2025-01-23 00:33:00,157.0,29.0,DISCHARGED
2025-01-22 00:04:00,2025-01-22 02:29:00,3,2025-01-22 01:07:00,82.0,32.0,DISCHARGED
2025-01-22 23:03:00,2025-01-23 01:10:00,3,2025-01-23 00:16:00,54.0,43.0,DISCHARGED
2025-01-22 22:32:00,2025-01-23 01:24:00,2,2025-01-22 23:38:00,106.0,35.0,ADMITTED
2025-01-22 21:44:00,2025-01-23 00:08:00,3,2025-01-22 22:25:00,103.0,22.0,DISCHARGED
2025-01-22 01:18:00,2025-01-22 04:02:00,3,2025-01-22 02:17:00,105.0,28.0,DISCHARGED
2025-01-22 21:35:00,2025-01-23 00:06:00,3,2025-01-22 22:30:00,96.0,36.0,TRANSFERRED
2025-01-22 02:08:00,2025-01-22 05:16:00,3,2025-01-22 03:02:00,134.0,17.0,DISCHARGED
2025-01-22 23:47:00,2025-01-23 03:04:00,3,2025-01-23 00:52:00,132.0,44.0,DISCHARGED
2025-02-12 21:10:00,2025-02-13 00:40:00,2,2025-02-12 22:02:00,158.0,21.0,TRANSFERRED
2025-02-12 21:10:00,2025-02-13 00:32:00,2,2025-02-12 22:12:00,140.0,33.0,DISCHARGED
2025-02-12 03:55:00,2025-02-12 06:25:00,3,2025-02-12 04:59:00,86.0,42.0,DISCHARGED
2025-02-12 00:16:00,2025-02-12 02:17:00,3,2025-02-12 01:01:00,76.0,24.0,DISCHARGED
2025-02-12 23:37:00,2025-02-13 03:04:00,3,2025-02-13 00:50:00,134.0,47.0,ADMITTED
2025-02-12 01:41:00,2025-02-12 04:18:00,4,2025-02-12 03:28:00,50.0,81.0,DISCHARGED
2025-02-12 00:37:00,2025-02-12 03:01:00,4,2025-02-12 02:03:00,58.0,65.0,DISCHARGED
2025-02-12 22:46:00,2025-02-13 01:17:00,2,2025-02-12 23:26:00,111.0,19.0,ADMITTED
2025-02-01 02:04:00,2025-02-01 04:27:00,3,2025-02-01 02:59:00,88.0,38.0,TRANSFERRED
2025-02-01 23:12:00,2025-02-02 02:09:00,1,2025-02-01 23:58:00,131.0,20.0,ADMITTED
2025-02-01 02:01:00,2025-02-01 04:37:00,1,2025-02-01 02:39:00,118.0,8.0,ADMITTED
2025-02-01 03:28:00,2025-02-01 05:31:00,3,2025-02-01 04:31:00,60.0,42.0,DISCHARGED
2025-02-01 23:32:00,2025-02-02 01:38:00,2,2025-02-02 00:17:00,81.0,18.0,DISCHARGED
2025-02-01 01:55:00,2025-02-01 04:56:00,3,2025-02-01 03:07:00,109.0,47.0,DISCHARGED
2025-02-01 01:10:00,2025-02-01 03:34:00,4,2025-02-01 02:23:00,71.0,41.0,DISCHARGED
2025-02-01 23:15:00,2025-02-02 03:30:00,1,2025-02-02 00:10:00,200.0,22.0,DISCHARGED
2025-02-01 23:26:00,2025-02-02 02:15:00,3,2025-02-02 00:19:00,116.0,20.0,DISCHARGED
2025-02-01 00:48:00,2025-02-01 02:45:00,3,2025-02-01 01:30:00,75.0,26.0,DISCHARGED
2025-02-01 00:50:00,2025-02-01 04:11:00,4,2025-02-01 02:20:00,111.0,58.0,DISCHARGED
2025-02-01 23:15:00,2025-02-02 01:37:00,3,2025-02-02 00:29:00,68.0,43.0,ADMITTED
2025-02-01 22:33:00,2025-02-02 02:03:00,2,2025-02-01 23:30:00,153.0,26.0,ADMITTED
2025-02-01 23:02:00,2025-02-02 01:14:00,3,2025-02-02 00:28:00,46.0,58.0,TRANSFERRED
2025-02-01 22:37:00,2025-02-02 01:18:00,4,2025-02-01 23:52:00,86.0,50.0,DISCHARGED
2025-02-01 00:23:00,2025-02-01 03:09:00,3,2025-02-01 01:18:00,111.0,22.0,DISCHARGED
2025-02-01 21:34:00,2025-02-02 00:32:00,2,2025-02-01 22:31:00,121.0,23.0,ADMITTED
2025-02-21 22:44:00,2025-02-22 01:15:00,3,2025-02-21 23:32:00,103.0,21.0,DISCHARGED
2025-02-21 21:05:00,2025-02-22 00:23:00,2,2025-02-21 22:07:00,136.0,30.0,ADMITTED
2025-02-21 23:58:00,2025-02-22 02:53:00,2,2025-02-22 00:44:00,129.0,25.0,ADMITTED
2025-02-21 02:19:00,2025-02-21 05:23:00,3,2025-02-21 03:45:00,98.0,62.0,DISCHARGED
2025-02-21 23:22:00,2025-02-22 02:04:00,2,2025-02-22 00:07:00,117.0,18.0,DISCHARGED
2025-02-21 22:20:00,2025-02-22 00:51:00,3,2025-02-21 23:36:00,75.0,44.0,DISCHARGED
2025-02-21 22:49:00,2025-02-22 01:27:00,4,2025-02-22 00:06:00,81.0,52.0,DISCHARGED
2025-01-28 02:28:00,2025-01-28 05:27:00,3,2025-01-28 03:32:00,115.0,34.0,DISCHARGED
2025-01-28 03:43:00,2025-01-28 06:09:00,4,2025-01-28 05:05:00,64.0,58.0,DISCHARGED
2025-01-28 02:09:00,2025-01-28 04:12:00,3,2025-01-28 03:10:00,62.0,36.0,DISCHARGED
2025-01-28 00:46:00,2025-01-28 03:49:00,2,2025-01-28 01:55:00,114.0,43.0,TRANSFERRED
2025-01-28 22:06:00,2025-01-29 00:57:00,2,2025-01-28 23:04:00,113.0,33.0,DISCHARGED
2025-01-28 02:03:00,2025-01-28 05:07:00,2,2025-01-28 02:44:00,143.0,16.0,ADMITTED
2025-01-28 23:00:00,2025-01-29 02:15:00,1,2025-01-28 23:37:00,158.0,17.0,DISCHARGED
2025-02-27 04:40:00,2025-02-27 06:09:00,2,2025-02-27 05:28:00,41.0,18.0,TRANSFERRED
2025-02-27 22:28:00,2025-02-28 01:20:00,3,2025-02-27 23:43:00,97.0,49.0,DISCHARGED
2025-02-27 01:55:00,2025-02-27 04:40:00,2,2025-02-27 02:43:00,117.0,26.0,ADMITTED
2025-02-27 22:29:00,2025-02-28 00:16:00,2,2025-02-27 23:01:00,75.0,15.0,DISCHARGED
2025-02-27 04:27:00,2025-02-27 06:57:00,4,2025-02-27 05:32:00,85.0,50.0,DISCHARGED
2025-02-27 01:37:00,2025-02-27 04:04:00,3,2025-02-27 02:49:00,75.0,33.0,DISCHARGED
2025-02-27 02:07:00,2025-02-27 04:40:00,3,2025-02-27 03:11:00,89.0,41.0,ADMITTED
2025-02-27 21:29:00,2025-02-28 00:31:00,3,2025-02-27 23:08:00,83.0,76.0,DISCHARGED
2025-02-27 04:20:00,2025-02-27 06:57:00,3,2025-02-27 05:17:00,100.0,36.0,DISCHARGED
2025-02-27 21:28:00,2025-02-28 00:04:00,3,2025-02-27 22:17:00,107.0,25.0,DISCHARGED
2025-02-27 20:55:00,2025-02-28 00:22:00,2,2025-02-27 21:57:00,145.0,31.0,DISCHARGED
2025-02-27 21:53:00,2025-02-28 00:54:00,3,2025-02-27 22:55:00,119.0,41.0,ADMITTED
2025-02-27 03:07:00,2025-02-27 04:55:00,4,2025-02-27 04:15:00,40.0,50.0,ADMITTED
2025-02-27 01:12:00,2025-02-27 04:48:00,2,2025-02-27 02:28:00,140.0,38.0,ADMITTED
2025-02-27 01:20:00,2025-02-27 03:43:00,3,2025-02-27 02:05:00,98.0,19.0,DISCHARGED
2025-02-27 03:28:00,2025-02-27 06:28:00,2,2025-02-27 04:30:00,118.0,33.0,DISCHARGED
2025-02-28 20:09:00,2025-03-01 00:35:00,2,2025-02-28 21:24:00,191.0,44.0,ADMITTED
2025-02-28 03:51:00,2025-02-28 06:25:00,4,2025-02-28 05:16:00,69.0,55.0,DISCHARGED
2025-02-28 01:36:00,2025-02-28 05:13:00,1,2025-02-28 02:19:00,174.0,17.0,ADMITTED
2025-02-28 00:43:00,2025-02-28 02:53:00,3,2025-02-28 01:37:00,76.0,35.0,DISCHARGED
2025-02-28 21:39:00,2025-03-01 00:51:00,2,2025-02-28 22:40:00,131.0,28.0,DISCHARGED
2025-02-28 23:57:00,2025-03-01 03:55:00,1,2025-03-01 00:56:00,179.0,34.0,DISCHARGED
2025-02-28 04:03:00,2025-02-28 06:58:00,2,2025-02-28 04:51:00,127.0,21.0,ADMITTED
2025-02-28 01:44:00,2025-02-28 04:19:00,4,2025-02-28 03:23:00,56.0,69.0,DISCHARGED
2025-02-28 22:38:00,2025-03-01 00:49:00,2,2025-02-28 23:29:00,80.0,25.0,ADMITTED
2025-02-28 23:51:00,2025-03-01 03:20:00,1,2025-03-01 00:31:00,169.0,22.0,DISCHARGED
2025-02-28 03:28:00,2025-02-28 06:18:00,4,2025-02-28 04:54:00,84.0,63.0,DISCHARGED
2025-02-28 21:10:00,2025-03-01 00:05:00,2,2025-02-28 21:56:00,129.0,22.0,TRANSFERRED
2025-02-28 00:43:00,2025-02-28 04:18:00,2,2025-02-28 01:35:00,163.0,30.0,ADMITTED
2025-02-28 00:17:00,2025-02-28 02:47:00,3,2025-02-28 01:17:00,90.0,34.0,DISCHARGED
2025-02-07 01:48:00,2025-02-07 04:36:00,3,2025-02-07 03:08:00,88.0,51.0,DISCHARGED
2025-02-07 00:34:00,2025-02-07 03:46:00,3,2025-02-07 01:24:00,142.0,29.0,DISCHARGED
2025-02-07 00:23:00,2025-02-07 02:50:00,3,2025-02-07 01:53:00,57.0,61.0,DISCHARGED
2025-02-07 21:04:00,2025-02-08 00:30:00,2,2025-02-07 21:56:00,154.0,22.0,DISCHARGED
2025-02-07 04:08:00,2025-02-07 06:48:00,4,2025-02-07 05:25:00,83.0,49.0,DISCHARGED
2025-02-07 04:05:00,2025-02-07 06:00:00,3,2025-02-07 05:08:00,52.0,36.0,DISCHARGED
2025-02-07 03:16:00,2025-02-07 04:53:00,4,2025-02-07 04:13:00,40.0,40.0,DISCHARGED
2025-02-07 21:27:00,2025-02-08 00:14:00,3,2025-02-07 22:51:00,83.0,52.0,DISCHARGED
2025-02-07 04:20:00,2025-02-07 06:35:00,4,2025-02-07 05:31:00,64.0,52.0,ADMITTED
2025-02-07 21:55:00,2025-02-08 00:42:00,3,2025-02-07 23:17:00,85.0,50.0,DISCHARGED
2025-02-07 23:27:00,2025-02-08 03:13:00,2,2025-02-08 00:16:00,177.0,19.0,TRANSFERRED
2025-02-07 20:37:00,2025-02-08 00:11:00,3,2025-02-07 22:01:00,130.0,52.0,DISCHARGED
2025-02-07 00:23:00,2025-02-07 03:01:00,4,2025-02-07 01:29:00,92.0,38.0,DISCHARGED
2025-01-06 00:35:00,2025-01-06 03:57:00,2,2025-01-06 01:21:00,156.0,15.0,DISCHARGED
2025-01-06 02:47:00,2025-01-06 05:17:00,3,2025-01-06 03:44:00,93.0,38.0,DISCHARGED
2025-01-06 21:53:00,2025-01-07 01:27:00,2,2025-01-06 22:41:00,166.0,34.0,ADMITTED
2025-01-06 04:22:00,2025-01-06 06:38:00,3,2025-01-06 05:32:00,66.0,43.0,DISCHARGED
2025-01-06 02:47:00,2025-01-06 05:27:00,3,2025-01-06 03:31:00,116.0,20.0,ADMITTED
2025-01-06 22:48:00,2025-01-07 01:45:00,2,2025-01-06 23:43:00,122.0,26.0,ADMITTED
2025-01-06 03:37:00,2025-01-06 06:27:00,3,2025-01-06 04:39:00,108.0,38.0,DISCHARGED
2025-01-06 22:12:00,2025-01-07 01:25:00,1,2025-01-06 22:52:00,153.0,17.0,DISCHARGED
2025-01-06 21:48:00,2025-01-07 00:31:00,3,2025-01-06 22:33:00,118.0,25.0,DISCHARGED
2025-03-05 01:08:00,2025-03-05 03:25:00,2,2025-03-05 01:48:00,97.0,22.0,ADMITTED
2025-03-05 01:13:00,2025-03-05 03:31:00,4,2025-03-05 02:06:00,85.0,35.0,DISCHARGED
2025-03-05 22:18:00,2025-03-06 00:41:00,4,2025-03-05 23:21:00,80.0,35.0,DISCHARGED
2025-03-05 02:58:00,2025-03-05 05:03:00,3,2025-03-05 03:52:00,71.0,27.0,ADMITTED
2025-03-05 01:36:00,2025-03-05 04:54:00,3,2025-03-05 02:38:00,136.0,37.0,DISCHARGED
2025-03-05 22:41:00,2025-03-06 01:25:00,3,2025-03-05 23:31:00,114.0,31.0,DISCHARGED
2025-03-05 01:55:00,2025-03-05 04:41:00,2,2025-03-05 02:36:00,125.0,15.0,ADMITTED
2025-03-05 03:36:00,2025-03-05 06:08:00,3,2025-03-05 04:38:00,90.0,35.0,ADMITTED
2025-03-05 00:38:00,2025-03-05 03:25:00,3,2025-03-05 01:54:00,91.0,45.0,DISCHARGED
2025-01-01 03:13:00,2025-01-01 05:33:00,3,2025-01-01 04:08:00,85.0,40.0,DISCHARGED
2025-01-01 01:20:00,2025-01-01 03:58:00,3,2025-01-01 02:37:00,81.0,57.0,ADMITTED
2025-01-01 01:19:00,2025-01-01 03:33:00,3,2025-01-01 02:06:00,87.0,25.0,DISCHARGED
2025-01-01 22:20:00,2025-01-02 01:05:00,3,2025-01-01 23:36:00,89.0,56.0,DISCHARGED
2025-01-01 02:32:00,2025-01-01 06:04:00,3,2025-01-01 04:04:00,120.0,69.0,DISCHARGED
2025-01-01 01:16:00,2025-01-01 04:01:00,3,2025-01-01 02:29:00,92.0,49.0,ADMITTED
2025-01-01 04:07:00,2025-01-01 06:30:00,3,2025-01-01 05:27:00,63.0,43.0,ADMITTED
2025-01-01 02:52:00,2025-01-01 04:50:00,3,2025-01-01 03:40:00,70.0,20.0,DISCHARGED
2025-01-01 21:33:00,2025-01-02 00:16:00,2,2025-01-01 22:18:00,118.0,26.0,DISCHARGED
2025-01-01 22:47:00,2025-01-02 01:55:00,3,2025-01-01 23:46:00,129.0,36.0,DISCHARGED
2025-01-01 03:50:00,2025-01-01 06:03:00,4,2025-01-01 04:51:00,72.0,39.0,DISCHARGED
2025-02-02 22:29:00,2025-02-03 00:32:00,2,2025-02-02 23:20:00,72.0,23.0,ADMITTED
2025-02-02 00:46:00,2025-02-02 04:01:00,3,2025-02-02 01:46:00,135.0,38.0,ADMITTED
2025-02-02 03:14:00,2025-02-02 05:47:00,4,2025-02-02 04:33:00,74.0,55.0,DISCHARGED
2025-02-02 00:42:00,2025-02-02 02:37:00,4,2025-02-02 01:31:00,66.0,29.0,DISCHARGED
2025-02-02 23:37:00,2025-02-03 02:42:00,2,2025-02-03 00:20:00,142.0,18.0,ADMITTED
2025-02-02 02:00:00,2025-02-02 04:10:00,3,2025-02-02 02:51:00,79.0,23.0,ADMITTED
2025-02-02 03:15:00,2025-02-02 06:09:00,2,2025-02-02 03:59:00,130.0,23.0,ADMITTED
2025-02-02 03:50:00,2025-02-02 06:38:00,3,2025-02-02 04:48:00,110.0,34.0,DISCHARGED
2025-02-02 01:16:00,2025-02-02 04:25:00,2,2025-02-02 02:11:00,134.0,28.0,ADMITTED
2025-02-02 03:36:00,2025-02-02 06:38:00,3,2025-02-02 04:44:00,114.0,34.0,DISCHARGED
2025-02-02 20:22:00,2025-02-03 00:41:00,3,2025-02-02 22:32:00,129.0,101.0,ADMITTED
2025-02-02 02:18:00,2025-02-02 05:26:00,2,2025-02-02 02:54:00,152.0,19.0,ADMITTED
2025-02-02 02:27:00,2025-02-02 05:06:00,2,2025-02-02 03:10:00,116.0,13.0,DISCHARGED
2025-02-02 21:56:00,2025-02-03 01:59:00,2,2025-02-02 23:09:00,170.0,41.0,DISCHARGED
2025-02-02 02:29:00,2025-02-02 04:45:00,3,2025-02-02 03:32:00,73.0,37.0,ADMITTED
2025-02-02 03:21:00,2025-02-02 06:56:00,3,2025-02-02 04:41:00,135.0,46.0,DISCHARGED
2025-02-02 23:28:00,2025-02-03 02:06:00,3,2025-02-03 00:41:00,85.0,40.0,DISCHARGED
2025-03-12 00:30:00,2025-03-12 03:56:00,3,2025-03-12 01:37:00,139.0,41.0,DISCHARGED
2025-03-12 21:24:00,2025-03-13 00:11:00,3,2025-03-12 22:19:00,112.0,34.0,DISCHARGED
2025-03-12 03:20:00,2025-03-12 05:59:00,3,2025-03-12 04:08:00,111.0,20.0,DISCHARGED
2025-03-12 21:53:00,2025-03-13 01:03:00,3,2025-03-12 23:01:00,122.0,39.0,ADMITTED
2025-03-12 22:39:00,2025-03-13 01:57:00,1,2025-03-12 23:35:00,142.0,20.0,ADMITTED
2025-03-12 23:13:00,2025-03-13 01:41:00,3,2025-03-13 00:42:00,59.0,62.0,DISCHARGED
2025-03-12 03:47:00,2025-03-12 06:40:00,2,2025-03-12 04:48:00,112.0,28.0,DISCHARGED
2025-03-12 00:56:00,2025-03-12 03:23:00,3,2025-03-12 02:06:00,77.0,52.0,DISCHARGED
2025-03-12 03:22:00,2025-03-12 06:30:00,3,2025-03-12 04:37:00,113.0,49.0,DISCHARGED
2025-03-12 03:37:00,2025-03-12 06:34:00,3,2025-03-12 05:08:00,86.0,59.0,TRANSFERRED
2025-03-12 22:54:00,2025-03-13 02:51:00,3,2025-03-13 00:23:00,148.0,53.0,DISCHARGED
2025-03-15 04:09:00,2025-03-15 06:35:00,2,2025-03-15 05:11:00,84.0,35.0,DISCHARGED
2025-03-15 01:07:00,2025-03-15 04:19:00,4,2025-03-15 02:19:00,120.0,44.0,DISCHARGED
2025-03-15 04:20:00,2025-03-15 06:45:00,3,2025-03-15 05:30:00,75.0,37.0,DISCHARGED
2025-03-15 03:05:00,2025-03-15 06:19:00,3,2025-03-15 04:36:00,103.0,63.0,DISCHARGED
2025-03-15 21:28:00,2025-03-16 00:15:00,3,2025-03-15 22:39:00,96.0,50.0,DISCHARGED
2025-03-15 03:51:00,2025-03-15 06:36:00,4,2025-03-15 04:57:00,99.0,44.0,DISCHARGED
2025-03-15 21:32:00,2025-03-16 00:11:00,2,2025-03-15 22:20:00,111.0,24.0,ADMITTED
2025-03-15 22:25:00,2025-03-16 01:03:00,3,2025-03-16 00:07:00,56.0,60.0,ADMITTED
2025-03-15 21:22:00,2025-03-16 00:25:00,2,2025-03-15 21:55:00,150.0,16.0,ADMITTED
2025-03-15 03:27:00,2025-03-15 06:01:00,3,2025-03-15 04:35:00,86.0,47.0,DISCHARGED
2025-03-15 04:17:00,2025-03-15 06:57:00,2,2025-03-15 05:01:00,116.0,23.0,DISCHARGED
2025-03-15 23:40:00,2025-03-16 03:56:00,2,2025-03-16 00:35:00,201.0,27.0,ADMITTED
2025-03-15 23:51:00,2025-03-16 03:23:00,2,2025-03-16 00:29:00,174.0,16.0,DISCHARGED
2025-03-15 03:17:00,2025-03-15 06:43:00,2,2025-03-15 04:00:00,163.0,21.0,DISCHARGED
2025-03-15 02:50:00,2025-03-15 06:00:00,3,2025-03-15 04:16:00,104.0,52.0,DISCHARGED
2025-03-15 22:54:00,2025-03-16 02:11:00,3,2025-03-16 00:17:00,114.0,47.0,DISCHARGED
2025-01-05 02:26:00,2025-01-05 05:42:00,3,2025-01-05 03:17:00,145.0,26.0,DISCHARGED
2025-01-05 23:53:00,2025-01-06 02:41:00,3,2025-01-06 01:05:00,96.0,45.0,DISCHARGED
2025-01-05 03:54:00,2025-01-05 06:53:00,2,2025-01-05 04:43:00,130.0,26.0,DISCHARGED
2025-01-05 04:24:00,2025-01-05 06:22:00,3,2025-01-05 05:11:00,71.0,23.0,DISCHARGED
2025-01-05 03:48:00,2025-01-05 06:33:00,3,2025-01-05 04:49:00,104.0,33.0,DISCHARGED
2025-01-05 20:52:00,2025-01-06 00:59:00,1,2025-01-05 21:41:00,198.0,31.0,ADMITTED
2025-01-05 03:37:00,2025-01-05 05:33:00,4,2025-01-05 04:38:00,55.0,36.0,TRANSFERRED
2025-01-05 03:48:00,2025-01-05 06:42:00,3,2025-01-05 05:03:00,99.0,49.0,DISCHARGED
2025-01-05 01:33:00,2025-01-05 05:11:00,2,2025-01-05 02:40:00,151.0,39.0,ADMITTED
2025-01-05 02:57:00,2025-01-05 05:32:00,3,2025-01-05 03:56:00,96.0,33.0,ADMITTED
2025-01-05 01:47:00,2025-01-05 04:35:00,3,2025-01-05 03:01:00,94.0,50.0,DISCHARGED
2025-01-05 03:36:00,2025-01-05 06:30:00,1,2025-01-05 04:17:00,133.0,12.0,DISCHARGED
2025-01-05 01:11:00,2025-01-05 03:53:00,3,2025-01-05 02:23:00,90.0,47.0,ADMITTED
2025-01-05 02:51:00,2025-01-05 05:41:00,3,2025-01-05 03:49:00,112.0,38.0,DISCHARGED
2025-01-05 04:11:00,2025-01-05 06:13:00,3,2025-01-05 05:21:00,52.0,48.0,DISCHARGED
2025-01-05 21:51:00,2025-01-06 00:20:00,3,2025-01-05 23:16:00,64.0,51.0,ADMITTED
2025-01-05 00:56:00,2025-01-05 04:04:00,3,2025-01-05 02:04:00,120.0,43.0,DISCHARGED
2025-01-05 23:22:00,2025-01-06 02:33:00,2,2025-01-06 00:12:00,141.0,23.0,ADMITTED
2025-01-05 22:29:00,2025-01-06 00:26:00,3,2025-01-05 23:24:00,62.0,26.0,TRANSFERRED
2025-01-05 01:26:00,2025-01-05 03:45:00,3,2025-01-05 02:25:00,80.0,36.0,DISCHARGED
2025-01-16 02:39:00,2025-01-16 05:04:00,3,2025-01-16 03:37:00,87.0,26.0,DISCHARGED
2025-01-16 02:07:00,2025-01-16 05:08:00,1,2025-01-16 02:48:00,140.0,17.0,ADMITTED
2025-01-16 03:58:00,2025-01-16 06:45:00,1,2025-01-16 04:43:00,122.0,16.0,ADMITTED
2025-01-16 23:58:00,2025-01-17 03:21:00,3,2025-01-17 01:11:00,130.0,53.0,DISCHARGED
2025-01-16 03:25:00,2025-01-16 06:25:00,3,2025-01-16 04:52:00,93.0,58.0,DISCHARGED
2025-01-16 02:32:00,2025-01-16 05:37:00,1,2025-01-16 03:16:00,141.0,17.0,ADMITTED
2025-01-16 23:39:00,2025-01-17 02:43:00,2,2025-01-17 00:36:00,127.0,33.0,DISCHARGED
2025-01-16 03:02:00,2025-01-16 06:08:00,2,2025-01-16 03:56:00,132.0,34.0,ADMITTED
2025-01-16 21:04:00,2025-01-17 00:14:00,2,2025-01-16 21:48:00,146.0,27.0,ADMITTED
2025-01-16 04:39:00,2025-01-16 06:33:00,3,2025-01-16 05:19:00,74.0,22.0,ADMITTED
2025-01-16 21:43:00,2025-01-17 00:23:00,3,2025-01-16 22:32:00,111.0,19.0,DISCHARGED
2025-01-16 03:09:00,2025-01-16 06:42:00,2,2025-01-16 04:15:00,147.0,35.0,DISCHARGED
2025-02-03 23:36:00,2025-02-04 02:21:00,3,2025-02-04 00:53:00,88.0,58.0,DISCHARGED
2025-02-03 01:46:00,2025-02-03 04:23:00,3,2025-02-03 02:37:00,106.0,30.0,DISCHARGED
2025-02-03 03:42:00,2025-02-03 06:08:00,3,2025-02-03 04:51:00,77.0,43.0,DISCHARGED
2025-02-03 04:01:00,2025-02-03 06:53:00,2,2025-02-03 05:04:00,109.0,35.0,DISCHARGED
2025-02-03 03:49:00,2025-02-03 06:29:00,4,2025-02-03 05:05:00,84.0,53.0,DISCHARGED
2025-02-03 01:14:00,2025-02-03 05:36:00,2,2025-02-03 02:09:00,207.0,29.0,DISCHARGED
2025-02-03 01:14:00,2025-02-03 03:50:00,3,2025-02-03 02:32:00,78.0,51.0,ADMITTED
2025-02-03 03:09:00,2025-02-03 05:48:00,2,2025-02-03 03:56:00,112.0,21.0,ADMITTED
2025-02-03 21:35:00,2025-02-04 00:30:00,3,2025-02-03 22:51:00,99.0,47.0,DISCHARGED
2025-01-24 22:51:00,2025-01-25 02:26:00,1,2025-01-24 23:28:00,178.0,15.0,ADMITTED
2025-01-24 21:04:00,2025-01-25 00:04:00,3,2025-01-24 22:29:00,95.0,53.0,DISCHARGED
2025-01-24 20:40:00,2025-01-25 00:05:00,1,2025-01-24 21:18:00,167.0,24.0,ADMITTED
2025-01-24 03:01:00,2025-01-24 05:24:00,2,2025-01-24 03:52:00,92.0,30.0,ADMITTED
2025-01-24 02:40:00,2025-01-24 05:06:00,1,2025-01-24 03:18:00,108.0,22.0,ADMITTED
2025-01-24 01:45:00,2025-01-24 06:23:00,1,2025-01-24 02:29:00,234.0,21.0,ADMITTED
2025-01-24 05:04:00,2025-01-24 06:36:00,4,2025-01-24 05:56:00,40.0,25.0,DISCHARGED
2025-01-24 22:30:00,2025-01-25 01:59:00,2,2025-01-24 23:27:00,152.0,27.0,DISCHARGED
2025-01-24 01:54:00,2025-01-24 04:45:00,4,2025-01-24 03:38:00,67.0,73.0,DISCHARGED
2025-01-24 20:40:00,2025-01-25 00:35:00,1,2025-01-24 21:17:00,198.0,10.0,DISCHARGED
2025-01-24 04:02:00,2025-01-24 06:53:00,3,2025-01-24 04:58:00,115.0,38.0,ADMITTED
2025-01-24 21:31:00,2025-01-25 00:25:00,3,2025-01-24 22:28:00,117.0,32.0,DISCHARGED
2025-01-24 21:07:00,2025-01-25 00:01:00,3,2025-01-24 22:02:00,119.0,23.0,ADMITTED
2025-01-24 02:42:00,2025-01-24 05:30:00,3,2025-01-24 03:52:00,98.0,49.0,ADMITTED
2025-01-24 23:26:00,2025-01-25 02:15:00,3,2025-01-25 00:29:00,106.0,39.0,ADMITTED
2025-01-24 01:33:00,2025-01-24 03:51:00,2,2025-01-24 02:13:00,98.0,21.0,ADMITTED
2025-01-24 02:17:00,2025-01-24 05:03:00,3,2025-01-24 02:57:00,126.0,11.0,DISCHARGED
2025-01-24 00:02:00,2025-01-24 03:37:00,2,2025-01-24 00:55:00,162.0,30.0,DISCHARGED
2025-01-23 22:57:00,2025-01-24 02:30:00,2,2025-01-23 23:38:00,172.0,19.0,DISCHARGED
2025-01-23 02:25:00,2025-01-23 05:50:00,2,2025-01-23 03:19:00,151.0,28.0,DISCHARGED
2025-01-23 03:43:00,2025-01-23 06:45:00,3,2025-01-23 04:54:00,111.0,36.0,DISCHARGED
2025-01-23 02:56:00,2025-01-23 04:54:00,3,2025-01-23 03:39:00,75.0,19.0,DISCHARGED
2025-01-23 22:55:00,2025-01-24 00:28:00,3,2025-01-23 23:37:00,51.0,20.0,ADMITTED
2025-01-23 00:26:00,2025-01-23 03:06:00,4,2025-01-23 01:45:00,81.0,46.0,DISCHARGED
2025-01-23 01:53:00,2025-01-23 05:02:00,1,2025-01-23 02:50:00,132.0,25.0,DISCHARGED
2025-01-23 04:52:00,2025-01-23 06:52:00,4,2025-01-23 05:59:00,53.0,43.0,DISCHARGED
2025-01-23 01:48:00,2025-01-23 04:52:00,3,2025-01-23 03:01:00,111.0,48.0,TRANSFERRED
2025-01-23 03:57:00,2025-01-23 06:14:00,3,2025-01-23 05:08:00,66.0,45.0,DISCHARGED
2025-01-23 20:49:00,2025-01-24 01:03:00,2,2025-01-23 21:51:00,192.0,31.0,ADMITTED
2025-02-17 04:12:00,2025-02-17 06:27:00,4,2025-02-17 05:12:00,75.0,27.0,DISCHARGED
2025-02-17 01:11:00,2025-02-17 03:36:00,3,2025-02-17 02:12:00,84.0,43.0,DISCHARGED
2025-02-17 00:35:00,2025-02-17 03:34:00,3,2025-02-17 01:42:00,112.0,41.0,DISCHARGED
2025-02-17 00:33:00,2025-02-17 03:21:00,3,2025-02-17 01:45:00,96.0,49.0,DISCHARGED
2025-02-17 21:04:00,2025-02-18 00:18:00,4,2025-02-17 22:30:00,108.0,69.0,DISCHARGED
2025-02-17 01:58:00,2025-02-17 04:53:00,4,2025-02-17 03:29:00,84.0,69.0,DISCHARGED
2025-02-17 03:33:00,2025-02-17 06:18:00,4,2025-02-17 05:13:00,65.0,72.0,DISCHARGED
2025-02-17 01:35:00,2025-02-17 04:32:00,2,2025-02-17 02:36:00,116.0,38.0,DISCHARGED
2025-02-17 23:07:00,2025-02-18 00:39:00,3,2025-02-17 23:59:00,40.0,20.0,DISCHARGED
2025-02-17 22:41:00,2025-02-18 01:11:00,2,2025-02-17 23:32:00,99.0,28.0,DISCHARGED
2025-03-28 00:41:00,2025-03-28 03:32:00,3,2025-03-28 01:45:00,107.0,46.0,ADMITTED
2025-03-28 03:47:00,2025-03-28 06:55:00,2,2025-03-28 04:48:00,127.0,29.0,DISCHARGED
2025-03-28 22:38:00,2025-03-29 01:24:00,4,2025-03-29 00:06:00,78.0,63.0,ADMITTED
2025-03-28 21:03:00,2025-03-29 00:24:00,4,2025-03-28 22:35:00,109.0,64.0,DISCHARGED
2025-03-28 02:13:00,2025-03-28 05:32:00,3,2025-03-28 03:16:00,136.0,36.0,DISCHARGED
2025-03-28 04:18:00,2025-03-28 06:56:00,3,2025-03-28 05:35:00,81.0,45.0,DISCHARGED
2025-03-28 21:43:00,2025-03-29 00:40:00,2,2025-03-28 22:43:00,117.0,33.0,DISCHARGED
2025-03-28 20:38:00,2025-03-29 00:03:00,3,2025-03-28 22:05:00,118.0,63.0,DISCHARGED
2025-03-28 21:34:00,2025-03-29 01:16:00,3,2025-03-28 23:05:00,131.0,58.0,DISCHARGED
2025-03-28 02:21:00,2025-03-28 05:20:00,3,2025-03-28 03:20:00,120.0,26.0,DISCHARGED
2025-03-28 22:07:00,2025-03-29 00:50:00,3,2025-03-28 23:06:00,104.0,35.0,DISCHARGED
2025-03-28 02:07:00,2025-03-28 04:23:00,3,2025-03-28 02:47:00,96.0,21.0,DISCHARGED
2025-03-28 21:40:00,2025-03-29 00:21:00,2,2025-03-28 22:18:00,123.0,15.0,ADMITTED
2025-03-28 22:43:00,2025-03-29 00:40:00,4,2025-03-28 23:42:00,58.0,45.0,DISCHARGED
2025-03-28 23:50:00,2025-03-29 02:34:00,3,2025-03-29 01:07:00,87.0,47.0,ADMITTED
2025-03-28 21:54:00,2025-03-29 01:06:00,1,2025-03-28 22:33:00,153.0,20.0,ADMITTED
2025-03-28 22:31:00,2025-03-29 02:48:00,1,2025-03-28 23:14:00,214.0,11.0,ADMITTED
2025-03-28 02:39:00,2025-03-28 05:50:00,3,2025-03-28 03:37:00,133.0,34.0,DISCHARGED
2025-02-24 01:44:00,2025-02-24 04:03:00,2,2025-02-24 02:42:00,81.0,35.0,ADMITTED
2025-02-24 02:05:00,2025-02-24 04:56:00,3,2025-02-24 03:04:00,112.0,41.0,DISCHARGED
2025-02-24 04:04:00,2025-02-24 06:41:00,3,2025-02-24 04:58:00,103.0,28.0,DISCHARGED
2025-02-24 04:04:00,2025-02-24 05:54:00,4,2025-02-24 04:51:00,63.0,16.0,TRANSFERRED
2025-02-24 03:45:00,2025-02-24 06:46:00,3,2025-02-24 04:56:00,110.0,35.0,DISCHARGED
2025-02-24 21:53:00,2025-02-25 00:22:00,3,2025-02-24 22:48:00,94.0,18.0,DISCHARGED
2025-02-24 23:13:00,2025-02-25 01:32:00,3,2025-02-25 00:33:00,59.0,43.0,DISCHARGED
2025-02-24 23:41:00,2025-02-25 02:06:00,3,2025-02-25 00:40:00,86.0,29.0,DISCHARGED
2025-02-24 20:53:00,2025-02-25 01:12:00,2,2025-02-24 22:02:00,190.0,40.0,DISCHARGED
2025-02-24 01:59:00,2025-02-24 04:14:00,4,2025-02-24 03:02:00,72.0,33.0,DISCHARGED
2025-02-24 02:53:00,2025-02-24 05:39:00,2,2025-02-24 03:42:00,117.0,33.0,DISCHARGED
2025-02-24 02:13:00,2025-02-24 04:20:00,4,2025-02-24 03:22:00,58.0,40.0,ADMITTED
2025-02-24 04:13:00,2025-02-24 06:38:00,3,2025-02-24 05:32:00,66.0,49.0,DISCHARGED
2025-02-24 20:53:00,2025-02-25 00:09:00,3,2025-02-24 21:58:00,131.0,32.0,TRANSFERRED
2025-03-13 01:13:00,2025-03-13 04:01:00,4,2025-03-13 02:43:00,78.0,57.0,DISCHARGED
2025-03-13 22:25:00,2025-03-14 01:23:00,3,2025-03-13 23:21:00,122.0,32.0,DISCHARGED
2025-03-13 02:38:00,2025-03-13 04:37:00,4,2025-03-13 03:57:00,40.0,55.0,ADMITTED
2025-03-13 00:32:00,2025-03-13 02:31:00,4,2025-03-13 01:15:00,76.0,18.0,TRANSFERRED
2025-03-13 20:28:00,2025-03-14 00:06:00,1,2025-03-13 21:22:00,164.0,27.0,ADMITTED
2025-03-13 21:24:00,2025-03-14 01:05:00,3,2025-03-13 22:54:00,131.0,66.0,ADMITTED
2025-03-13 20:12:00,2025-03-14 00:25:00,2,2025-03-13 21:00:00,205.0,21.0,DISCHARGED
2025-03-13 02:11:00,2025-03-13 05:02:00,3,2025-03-13 02:56:00,126.0,28.0,DISCHARGED
2025-03-13 22:36:00,2025-03-14 02:01:00,1,2025-03-13 23:08:00,173.0,14.0,ADMITTED
2025-03-13 23:11:00,2025-03-14 02:21:00,2,2025-03-14 00:09:00,132.0,23.0,DISCHARGED
2025-03-13 22:38:00,2025-03-14 00:41:00,4,2025-03-13 23:39:00,62.0,30.0,DISCHARGED
2025-03-13 21:57:00,2025-03-14 01:00:00,2,2025-03-13 22:45:00,135.0,22.0,DISCHARGED
2025-03-13 02:22:00,2025-03-13 05:58:00,2,2025-03-13 03:16:00,162.0,23.0,DISCHARGED
2025-03-13 20:41:00,2025-03-14 01:01:00,1,2025-03-13 21:33:00,208.0,22.0,TRANSFERRED
2025-03-13 03:21:00,2025-03-13 06:17:00,3,2025-03-13 04:38:00,99.0,53.0,DISCHARGED
2025-03-13 03:44:00,2025-03-13 05:44:00,3,2025-03-13 04:36:00,68.0,27.0,ADMITTED
2025-03-26 22:36:00,2025-03-27 00:15:00,2,2025-03-26 23:07:00,68.0,7.0,ADMITTED
2025-03-26 21:49:00,2025-03-27 01:35:00,1,2025-03-26 22:24:00,191.0,18.0,ADMITTED
2025-03-26 23:57:00,2025-03-27 02:39:00,3,2025-03-27 00:57:00,102.0,37.0,DISCHARGED
2025-03-26 21:39:00,2025-03-27 00:10:00,3,2025-03-26 22:31:00,99.0,25.0,DISCHARGED
2025-03-26 21:11:00,2025-03-27 00:33:00,2,2025-03-26 21:56:00,157.0,19.0,DISCHARGED
2025-03-26 01:32:00,2025-03-26 04:04:00,3,2025-03-26 02:25:00,99.0,24.0,DISCHARGED
2025-03-30 02:02:00,2025-03-30 04:52:00,3,2025-03-30 02:59:00,113.0,31.0,ADMITTED
2025-03-30 03:44:00,2025-03-30 06:17:00,4,2025-03-30 04:43:00,94.0,35.0,DISCHARGED
2025-03-30 22:35:00,2025-03-31 02:36:00,2,2025-03-30 23:29:00,187.0,27.0,DISCHARGED
2025-03-30 21:21:00,2025-03-31 00:26:00,2,2025-03-30 22:20:00,126.0,29.0,ADMITTED
2025-03-30 01:38:00,2025-03-30 04:06:00,2,2025-03-30 02:26:00,100.0,29.0,ADMITTED
2025-03-30 03:02:00,2025-03-30 05:46:00,3,2025-03-30 04:11:00,95.0,44.0,DISCHARGED
2025-03-30 21:47:00,2025-03-31 00:21:00,3,2025-03-30 22:40:00,101.0,29.0,DISCHARGED
2025-03-30 03:42:00,2025-03-30 05:40:00,3,2025-03-30 04:33:00,67.0,23.0,DISCHARGED
2025-03-30 03:07:00,2025-03-30 05:56:00,4,2025-03-30 04:35:00,81.0,72.0,DISCHARGED
2025-03-30 02:23:00,2025-03-30 05:52:00,2,2025-03-30 03:18:00,154.0,25.0,ADMITTED
2025-03-30 21:04:00,2025-03-31 00:56:00,3,2025-03-30 22:25:00,151.0,42.0,DISCHARGED
2025-03-30 23:23:00,2025-03-31 01:56:00,2,2025-03-31 00:16:00,100.0,27.0,ADMITTED
2025-03-30 22:58:00,2025-03-31 01:23:00,3,2025-03-31 00:01:00,82.0,37.0,TRANSFERRED
2025-03-30 21:07:00,2025-03-31 00:16:00,3,2025-03-30 22:17:00,119.0,39.0,TRANSFERRED
2025-03-30 22:45:00,2025-03-31 01:27:00,3,2025-03-30 23:50:00,97.0,45.0,DISCHARGED
2025-03-30 22:34:00,2025-03-31 01:00:00,3,2025-03-30 23:36:00,84.0,38.0,DISCHARGED
2025-03-30 01:06:00,2025-03-30 03:47:00,3,2025-03-30 02:04:00,103.0,30.0,DISCHARGED
2025-03-30 21:33:00,2025-03-31 00:04:00,3,2025-03-30 22:47:00,77.0,49.0,DISCHARGED
2025-03-30 22:55:00,2025-03-31 01:11:00,3,2025-03-30 23:53:00,78.0,29.0,ADMITTED
2025-03-30 00:31:00,2025-03-30 03:26:00,2,2025-03-30 01:08:00,138.0,9.0,DISCHARGED
2025-03-30 01:55:00,2025-03-30 04:48:00,3,2025-03-30 03:18:00,90.0,56.0,DISCHARGED
2025-03-30 00:09:00,2025-03-30 02:07:00,3,2025-03-30 01:01:00,66.0,27.0,DISCHARGED
2025-01-07 20:56:00,2025-01-08 00:18:00,2,2025-01-07 21:53:00,145.0,42.0,ADMITTED
2025-01-07 00:17:00,2025-01-07 02:19:00,4,2025-01-07 01:01:00,78.0,27.0,ADMITTED
2025-01-07 02:56:00,2025-01-07 05:59:00,2,2025-01-07 03:45:00,134.0,28.0,DISCHARGED
2025-01-07 00:15:00,2025-01-07 03:45:00,1,2025-01-07 00:55:00,170.0,15.0,ADMITTED
2025-01-07 23:04:00,2025-01-08 02:15:00,1,2025-01-07 23:49:00,146.0,15.0,ADMITTED
2025-01-07 23:09:00,2025-01-08 02:31:00,3,2025-01-08 00:21:00,130.0,47.0,DISCHARGED
2025-01-07 01:03:00,2025-01-07 04:29:00,2,2025-01-07 02:01:00,148.0,29.0,ADMITTED
2025-01-07 22:55:00,2025-01-08 01:10:00,3,2025-01-08 00:15:00,55.0,54.0,DISCHARGED
2025-01-07 22:51:00,2025-01-08 01:09:00,3,2025-01-08 00:11:00,58.0,45.0,DISCHARGED
2025-01-07 23:32:00,2025-01-08 02:03:00,4,2025-01-08 00:44:00,79.0,39.0,DISCHARGED
2025-03-22 22:48:00,2025-03-23 01:58:00,2,2025-03-22 23:32:00,146.0,20.0,DISCHARGED
2025-03-22 20:40:00,2025-03-23 00:04:00,2,2025-03-22 21:37:00,147.0,29.0,ADMITTED
2025-03-22 23:56:00,2025-03-23 04:02:00,1,2025-03-23 00:45:00,197.0,18.0,DISCHARGED
2025-03-22 03:53:00,2025-03-22 06:23:00,4,2025-03-22 04:58:00,85.0,30.0,DISCHARGED
2025-03-22 04:07:00,2025-03-22 06:49:00,4,2025-03-22 05:05:00,104.0,27.0,DISCHARGED
2025-03-22 23:18:00,2025-03-23 02:29:00,3,2025-03-23 00:45:00,104.0,62.0,ADMITTED
2025-03-22 21:10:00,2025-03-23 01:04:00,1,2025-03-22 21:55:00,189.0,12.0,DISCHARGED
2025-03-22 04:00:00,2025-03-22 06:50:00,3,2025-03-22 05:27:00,83.0,51.0,DISCHARGED
2025-03-22 05:04:00,2025-03-22 06:56:00,3,2025-03-22 06:11:00,45.0,37.0,DISCHARGED
2025-03-22 01:59:00,2025-03-22 04:36:00,3,2025-03-22 02:55:00,101.0,30.0,ADMITTED
2025-03-22 22:53:00,2025-03-23 00:45:00,3,2025-03-22 23:50:00,55.0,30.0,DISCHARGED
2025-03-22 05:08:00,2025-03-22 06:55:00,3,2025-03-22 06:10:00,45.0,34.0,ADMITTED
2025-03-22 23:10:00,2025-03-23 01:47:00,2,2025-03-23 00:03:00,104.0,24.0,DISCHARGED
2025-03-22 23:15:00,2025-03-23 01:52:00,3,2025-03-23 00:27:00,85.0,37.0,DISCHARGED
2025-03-06 03:12:00,2025-03-06 06:04:00,2,2025-03-06 04:00:00,124.0,21.0,DISCHARGED
2025-03-06 03:24:00,2025-03-06 06:00:00,3,2025-03-06 04:06:00,114.0,12.0,DISCHARGED
2025-03-06 22:58:00,2025-03-07 01:19:00,3,2025-03-06 23:47:00,92.0,30.0,DISCHARGED
2025-03-06 02:00:00,2025-03-06 05:46:00,2,2025-03-06 02:45:00,181.0,24.0,ADMITTED
2025-03-06 01:49:00,2025-03-06 05:45:00,2,2025-03-06 02:57:00,168.0,32.0,ADMITTED
2025-03-06 03:01:00,2025-03-06 06:48:00,3,2025-03-06 04:06:00,162.0,37.0,DISCHARGED
2025-03-06 21:19:00,2025-03-07 00:00:00,3,2025-03-06 22:31:00,89.0,55.0,DISCHARGED
2025-03-06 21:25:00,2025-03-07 00:48:00,2,2025-03-06 22:22:00,146.0,26.0,DISCHARGED
2025-03-06 00:32:00,2025-03-06 03:34:00,2,2025-03-06 01:26:00,128.0,31.0,ADMITTED
2025-03-06 22:23:00,2025-03-07 02:33:00,1,2025-03-06 23:01:00,212.0,19.0,DISCHARGED
2025-03-06 00:58:00,2025-03-06 04:14:00,3,2025-03-06 02:08:00,126.0,37.0,DISCHARGED
2025-03-06 23:12:00,2025-03-07 02:02:00,2,2025-03-06 23:59:00,123.0,27.0,DISCHARGED
2025-03-29 02:12:00,2025-03-29 04:35:00,2,2025-03-29 03:01:00,94.0,30.0,DISCHARGED
2025-03-29 01:23:00,2025-03-29 04:21:00,4,2025-03-29 02:53:00,88.0,55.0,DISCHARGED
2025-03-29 21:53:00,2025-03-30 00:13:00,3,2025-03-29 22:55:00,78.0,41.0,DISCHARGED
2025-03-29 01:15:00,2025-03-29 04:04:00,3,2025-03-29 02:19:00,105.0,40.0,DISCHARGED
2025-03-29 02:28:00,2025-03-29 04:23:00,3,2025-03-29 03:14:00,69.0,21.0,ADMITTED
2025-03-29 22:15:00,2025-03-30 00:57:00,3,2025-03-29 23:32:00,85.0,51.0,DISCHARGED
2025-03-29 00:17:00,2025-03-29 03:08:00,3,2025-03-29 01:18:00,110.0,39.0,DISCHARGED
2025-03-29 00:32:00,2025-03-29 03:29:00,2,2025-03-29 01:33:00,116.0,24.0,ADMITTED
2025-03-29 04:36:00,2025-03-29 06:19:00,4,2025-03-29 05:39:00,40.0,43.0,DISCHARGED
2025-03-29 03:30:00,2025-03-29 05:28:00,4,2025-03-29 04:34:00,54.0,40.0,DISCHARGED
2025-03-29 00:16:00,2025-03-29 02:50:00,4,2025-03-29 01:33:00,77.0,42.0,DISCHARGED
2025-03-03 21:53:00,2025-03-04 00:14:00,3,2025-03-03 23:03:00,71.0,43.0,DISCHARGED
2025-03-03 01:19:00,2025-03-03 05:00:00,2,2025-03-03 02:05:00,175.0,13.0,DISCHARGED
2025-03-03 03:51:00,2025-03-03 06:37:00,4,2025-03-03 05:03:00,94.0,49.0,DISCHARGED
2025-03-03 03:32:00,2025-03-03 06:29:00,3,2025-03-03 04:57:00,92.0,56.0,ADMITTED
2025-03-03 00:46:00,2025-03-03 03:33:00,3,2025-03-03 02:11:00,82.0,46.0,DISCHARGED
2025-03-03 01:02:00,2025-03-03 03:37:00,2,2025-03-03 01:44:00,113.0,28.0,ADMITTED
2025-03-03 22:14:00,2025-03-04 01:15:00,2,2025-03-03 23:02:00,133.0,24.0,DISCHARGED
2025-03-03 22:14:00,2025-03-04 01:28:00,2,2025-03-03 23:14:00,134.0,26.0,ADMITTED
2025-03-03 03:50:00,2025-03-03 06:00:00,3,2025-03-03 04:52:00,68.0,38.0,DISCHARGED
2025-03-03 23:44:00,2025-03-04 02:38:00,3,2025-03-04 01:03:00,95.0,55.0,DISCHARGED
2025-03-03 22:06:00,2025-03-04 01:54:00,3,2025-03-03 23:10:00,164.0,39.0,DISCHARGED
2025-03-03 22:15:00,2025-03-04 00:38:00,4,2025-03-03 23:14:00,84.0,43.0,DISCHARGED
2025-03-03 03:55:00,2025-03-03 06:57:00,2,2025-03-03 04:49:00,128.0,30.0,ADMITTED
2025-03-03 23:39:00,2025-03-04 02:09:00,3,2025-03-04 00:31:00,98.0,26.0,DISCHARGED
2025-03-03 23:20:00,2025-03-04 01:44:00,4,2025-03-04 00:28:00,76.0,44.0,DISCHARGED
2025-02-10 03:08:00,2025-02-10 05:35:00,4,2025-02-10 04:32:00,63.0,59.0,DISCHARGED
2025-02-10 23:51:00,2025-02-11 02:39:00,2,2025-02-11 00:56:00,103.0,32.0,ADMITTED
2025-02-10 23:35:00,2025-02-11 02:44:00,2,2025-02-11 00:16:00,148.0,22.0,ADMITTED
2025-02-10 04:02:00,2025-02-10 06:39:00,4,2025-02-10 05:20:00,79.0,52.0,ADMITTED
2025-02-10 01:03:00,2025-02-10 03:15:00,4,2025-02-10 01:55:00,80.0,31.0,ADMITTED
2025-02-10 03:35:00,2025-02-10 06:47:00,4,2025-02-10 05:01:00,106.0,64.0,DISCHARGED
2025-02-10 21:51:00,2025-02-11 00:19:00,3,2025-02-10 22:33:00,106.0,21.0,TRANSFERRED
2025-02-10 23:50:00,2025-02-11 02:32:00,3,2025-02-11 00:42:00,110.0,26.0,DISCHARGED
2025-02-10 04:49:00,2025-02-10 06:59:00,4,2025-02-10 05:53:00,66.0,42.0,DISCHARGED
2025-02-10 00:39:00,2025-02-10 03:13:00,3,2025-02-10 01:38:00,95.0,33.0,ADMITTED
2025-02-10 21:01:00,2025-02-11 00:11:00,3,2025-02-10 22:09:00,122.0,39.0,TRANSFERRED
2025-03-02 02:11:00,2025-03-02 05:36:00,2,2025-03-02 03:08:00,148.0,27.0,ADMITTED
2025-03-02 22:58:00,2025-03-03 01:33:00,3,2025-03-03 00:04:00,89.0,41.0,DISCHARGED
2025-03-02 01:09:00,2025-03-02 04:17:00,2,2025-03-02 02:13:00,124.0,28.0,ADMITTED
2025-03-02 21:00:00,2025-03-03 00:23:00,1,2025-03-02 21:43:00,160.0,16.0,DISCHARGED
2025-03-02 02:09:00,2025-03-02 05:30:00,3,2025-03-02 03:38:00,112.0,56.0,ADMITTED
2025-03-02 00:09:00,2025-03-02 02:27:00,4,2025-03-02 01:33:00,54.0,50.0,TRANSFERRED
2025-03-02 03:32:00,2025-03-02 05:33:00,3,2025-03-02 04:29:00,64.0,28.0,DISCHARGED
2025-03-02 22:09:00,2025-03-03 01:04:00,3,2025-03-02 23:03:00,121.0,34.0,DISCHARGED
2025-03-02 21:05:00,2025-03-03 00:20:00,3,2025-03-02 22:09:00,131.0,37.0,ADMITTED
2025-03-02 21:45:00,2025-03-03 01:19:00,2,2025-03-02 22:43:00,156.0,30.0,DISCHARGED
2025-03-02 23:44:00,2025-03-03 02:44:00,3,2025-03-03 00:51:00,113.0,35.0,ADMITTED
2025-03-02 22:52:00,2025-03-03 01:18:00,3,2025-03-03 00:02:00,76.0,43.0,DISCHARGED
2025-03-02 21:46:00,2025-03-03 01:07:00,2,2025-03-02 22:35:00,152.0,23.0,DISCHARGED
2025-03-02 03:38:00,2025-03-02 06:55:00,2,2025-03-02 04:30:00,145.0,25.0,ADMITTED
2025-03-02 00:03:00,2025-03-02 01:57:00,3,2025-03-02 01:08:00,49.0,39.0,DISCHARGED
2025-03-02 20:37:00,2025-03-03 00:31:00,2,2025-03-02 21:36:00,175.0,32.0,ADMITTED
2025-03-02 01:09:00,2025-03-02 04:19:00,3,2025-03-02 02:25:00,114.0,40.0,DISCHARGED
2025-03-02 02:33:00,2025-03-02 04:39:00,3,2025-03-02 03:31:00,68.0,32.0,DISCHARGED
2025-01-12 04:08:00,2025-01-12 06:15:00,4,2025-01-12 04:53:00,82.0,23.0,ADMITTED
2025-01-12 20:59:00,2025-01-13 00:50:00,2,2025-01-12 22:09:00,161.0,38.0,DISCHARGED
2025-01-12 00:32:00,2025-01-12 03:36:00,4,2025-01-12 01:58:00,98.0,52.0,DISCHARGED
2025-01-12 00:51:00,2025-01-12 04:22:00,3,2025-01-12 02:03:00,139.0,37.0,DISCHARGED
2025-01-12 00:09:00,2025-01-12 03:27:00,3,2025-01-12 01:27:00,120.0,48.0,DISCHARGED
2025-01-12 20:33:00,2025-01-13 00:35:00,3,2025-01-12 21:46:00,169.0,37.0,DISCHARGED
2025-01-12 22:19:00,2025-01-13 01:02:00,3,2025-01-12 23:14:00,108.0,36.0,DISCHARGED
2025-01-12 23:56:00,2025-01-13 02:08:00,3,2025-01-13 01:00:00,68.0,41.0,DISCHARGED
2025-01-12 03:06:00,2025-01-12 06:46:00,2,2025-01-12 03:52:00,174.0,24.0,ADMITTED
2025-01-12 01:06:00,2025-01-12 03:20:00,2,2025-01-12 01:47:00,93.0,21.0,ADMITTED
2025-01-12 21:22:00,2025-01-13 00:39:00,3,2025-01-12 22:42:00,117.0,50.0,ADMITTED
2025-01-12 03:28:00,2025-01-12 06:12:00,3,2025-01-12 04:09:00,123.0,24.0,DISCHARGED
2025-01-12 00:26:00,2025-01-12 02:43:00,3,2025-01-12 01:23:00,80.0,28.0,DISCHARGED
2025-03-19 00:01:00,2025-03-19 03:44:00,2,2025-03-19 01:00:00,164.0,36.0,TRANSFERRED
2025-03-19 00:28:00,2025-03-19 04:46:00,2,2025-03-19 01:18:00,208.0,27.0,ADMITTED
2025-03-19 19:48:00,2025-03-20 00:06:00,2,2025-03-19 20:43:00,203.0,38.0,ADMITTED
2025-03-19 22:52:00,2025-03-20 01:23:00,2,2025-03-19 23:42:00,101.0,24.0,DISCHARGED
2025-03-19 01:20:00,2025-03-19 04:37:00,3,2025-03-19 02:28:00,129.0,45.0,DISCHARGED
2025-03-19 21:54:00,2025-03-20 01:09:00,2,2025-03-19 23:00:00,129.0,37.0,DISCHARGED
2025-03-19 22:02:00,2025-03-20 00:20:00,2,2025-03-19 22:46:00,94.0,19.0,TRANSFERRED
2025-03-19 23:28:00,2025-03-20 02:34:00,3,2025-03-20 00:16:00,138.0,25.0,DISCHARGED
2025-03-19 20:55:00,2025-03-20 00:26:00,3,2025-03-19 22:03:00,143.0,38.0,DISCHARGED
2025-03-19 00:35:00,2025-03-19 03:17:00,3,2025-03-19 01:30:00,107.0,35.0,ADMITTED
2025-03-19 03:42:00,2025-03-19 06:26:00,3,2025-03-19 04:33:00,113.0,23.0,DISCHARGED
2025-02-15 21:55:00,2025-02-16 01:08:00,2,2025-02-15 22:42:00,146.0,23.0,DISCHARGED
2025-02-15 03:04:00,2025-02-15 05:36:00,3,2025-02-15 04:16:00,80.0,56.0,ADMITTED
2025-02-15 22:21:00,2025-02-16 02:18:00,2,2025-02-15 23:13:00,185.0,20.0,ADMITTED
2025-02-15 01:41:00,2025-02-15 04:25:00,3,2025-02-15 02:57:00,88.0,55.0,ADMITTED
2025-02-15 23:23:00,2025-02-16 02:11:00,3,2025-02-16 00:31:00,100.0,40.0,DISCHARGED
2025-02-15 23:18:00,2025-02-16 02:29:00,2,2025-02-16 00:21:00,128.0,42.0,ADMITTED
2025-02-15 21:49:00,2025-02-16 01:44:00,3,2025-02-15 23:21:00,143.0,59.0,DISCHARGED
2025-02-15 04:07:00,2025-02-15 05:45:00,2,2025-02-15 04:51:00,54.0,24.0,ADMITTED
2025-02-15 03:56:00,2025-02-15 06:31:00,3,2025-02-15 04:56:00,95.0,30.0,DISCHARGED
2025-02-15 01:48:00,2025-02-15 04:34:00,3,2025-02-15 02:48:00,106.0,30.0,DISCHARGED
2025-02-15 21:58:00,2025-02-16 01:17:00,3,2025-02-15 23:03:00,134.0,43.0,DISCHARGED
2025-01-02 23:14:00,2025-01-03 01:19:00,4,2025-01-03 00:12:00,67.0,36.0,TRANSFERRED
2025-01-02 21:37:00,2025-01-03 00:02:00,2,2025-01-02 22:32:00,90.0,39.0,ADMITTED
2025-01-02 22:28:00,2025-01-03 01:23:00,3,2025-01-02 23:50:00,93.0,53.0,DISCHARGED
2025-01-02 00:51:00,2025-01-02 03:20:00,4,2025-01-02 02:06:00,74.0,51.0,DISCHARGED
2025-01-02 02:17:00,2025-01-02 04:47:00,2,2025-01-02 03:15:00,92.0,30.0,DISCHARGED
2025-01-02 22:09:00,2025-01-03 01:10:00,3,2025-01-02 23:19:00,111.0,41.0,DISCHARGED
2025-01-02 01:30:00,2025-01-02 04:33:00,3,2025-01-02 02:38:00,115.0,42.0,ADMITTED
2025-01-02 03:34:00,2025-01-02 05:55:00,3,2025-01-02 04:17:00,98.0,24.0,DISCHARGED
2025-01-02 02:29:00,2025-01-02 04:42:00,4,2025-01-02 03:42:00,60.0,51.0,DISCHARGED
2025-01-02 03:30:00,2025-01-02 06:34:00,3,2025-01-02 04:30:00,124.0,35.0,ADMITTED
2025-01-02 03:37:00,2025-01-02 06:47:00,3,2025-01-02 04:54:00,113.0,42.0,DISCHARGED
2025-02-14 03:27:00,2025-02-14 06:56:00,2,2025-02-14 04:34:00,142.0,35.0,DISCHARGED
2025-02-14 03:01:00,2025-02-14 06:04:00,3,2025-02-14 04:03:00,121.0,44.0,DISCHARGED
2025-02-14 03:51:00,2025-02-14 06:17:00,3,2025-02-14 04:43:00,94.0,27.0,DISCHARGED
2025-02-14 22:07:00,2025-02-15 01:12:00,2,2025-02-14 23:03:00,129.0,31.0,ADMITTED
2025-02-14 02:48:00,2025-02-14 05:47:00,2,2025-02-14 03:29:00,138.0,18.0,TRANSFERRED
2025-02-14 02:31:00,2025-02-14 05:15:00,2,2025-02-14 03:15:00,120.0,14.0,ADMITTED
2025-02-14 01:24:00,2025-02-14 04:43:00,3,2025-02-14 02:35:00,128.0,39.0,ADMITTED
2025-02-14 00:38:00,2025-02-14 03:36:00,3,2025-02-14 01:43:00,113.0,37.0,TRANSFERRED
2025-02-14 22:37:00,2025-02-15 01:22:00,3,2025-02-14 23:57:00,85.0,52.0,DISCHARGED
2025-02-14 01:19:00,2025-02-14 04:31:00,3,2025-02-14 02:31:00,120.0,43.0,ADMITTED
2025-02-14 01:47:00,2025-02-14 05:00:00,3,2025-02-14 02:53:00,127.0,31.0,ADMITTED
2025-02-14 04:51:00,2025-02-14 06:47:00,3,2025-02-14 06:02:00,45.0,40.0,TRANSFERRED
2025-02-14 22:32:00,2025-02-15 01:39:00,3,2025-02-14 23:49:00,110.0,50.0,DISCHARGED
2025-02-14 01:41:00,2025-02-14 04:36:00,3,2025-02-14 02:57:00,99.0,55.0,ADMITTED
2025-03-01 02:00:00,2025-03-01 05:20:00,4,2025-03-01 03:39:00,101.0,63.0,DISCHARGED
2025-03-01 21:44:00,2025-03-02 00:07:00,4,2025-03-01 23:22:00,45.0,64.0,DISCHARGED
2025-03-01 22:43:00,2025-03-02 01:43:00,3,2025-03-01 23:51:00,112.0,38.0,ADMITTED
2025-03-01 03:29:00,2025-03-01 05:10:00,3,2025-03-01 04:30:00,40.0,36.0,ADMITTED
2025-03-01 20:08:00,2025-03-02 00:05:00,1,2025-03-01 20:41:00,204.0,9.0,ADMITTED
2025-03-01 23:50:00,2025-03-02 02:03:00,3,2025-03-02 01:03:00,60.0,53.0,DISCHARGED
2025-03-01 01:19:00,2025-03-01 04:55:00,2,2025-03-01 02:05:00,170.0,26.0,DISCHARGED
2025-03-01 22:18:00,2025-03-02 00:49:00,3,2025-03-01 23:14:00,95.0,24.0,DISCHARGED
2025-03-01 21:52:00,2025-03-02 00:28:00,4,2025-03-01 23:08:00,80.0,58.0,DISCHARGED
2025-03-01 02:05:00,2025-03-01 04:06:00,3,2025-03-01 03:08:00,58.0,42.0,DISCHARGED
2025-01-15 02:06:00,2025-01-15 05:46:00,1,2025-01-15 02:54:00,172.0,17.0,TRANSFERRED
2025-01-15 00:48:00,2025-01-15 03:14:00,4,2025-01-15 01:56:00,78.0,38.0,DISCHARGED
2025-01-15 01:19:00,2025-01-15 03:46:00,4,2025-01-15 02:15:00,91.0,25.0,DISCHARGED
2025-01-15 03:13:00,2025-01-15 06:10:00,4,2025-01-15 04:23:00,107.0,44.0,DISCHARGED
2025-01-15 21:55:00,2025-01-16 00:08:00,3,2025-01-15 22:53:00,75.0,30.0,ADMITTED
2025-01-15 00:38:00,2025-01-15 03:44:00,3,2025-01-15 01:44:00,120.0,38.0,ADMITTED
2025-01-15 04:03:00,2025-01-15 06:34:00,3,2025-01-15 05:09:00,85.0,41.0,DISCHARGED
2025-01-15 23:06:00,2025-01-16 01:57:00,2,2025-01-15 23:52:00,125.0,22.0,DISCHARGED
2025-01-15 22:02:00,2025-01-16 00:47:00,3,2025-01-15 22:54:00,113.0,30.0,DISCHARGED
2025-01-15 00:21:00,2025-01-15 02:50:00,3,2025-01-15 01:45:00,65.0,45.0,DISCHARGED
2025-01-15 20:50:00,2025-01-16 00:53:00,1,2025-01-15 21:39:00,194.0,21.0,DISCHARGED
2025-01-15 22:40:00,2025-01-16 01:56:00,3,2025-01-16 00:01:00,115.0,51.0,DISCHARGED
2025-01-15 23:30:00,2025-01-16 02:12:00,3,2025-01-16 00:35:00,97.0,41.0,ADMITTED
2025-01-15 23:19:00,2025-01-16 01:42:00,1,2025-01-15 23:59:00,103.0,20.0,DISCHARGED
2025-01-15 22:38:00,2025-01-16 02:01:00,2,2025-01-15 23:35:00,146.0,30.0,ADMITTED
2025-01-15 03:49:00,2025-01-15 06:40:00,3,2025-01-15 04:48:00,112.0,37.0,DISCHARGED
2025-01-15 00:38:00,2025-01-15 03:47:00,2,2025-01-15 01:34:00,133.0,28.0,ADMITTED
2025-01-15 00:06:00,2025-01-15 02:20:00,3,2025-01-15 01:11:00,69.0,44.0,DISCHARGED
2025-01-15 21:01:00,2025-01-16 01:01:00,1,2025-01-15 21:52:00,189.0,27.0,ADMITTED
2025-01-15 03:13:00,2025-01-15 06:13:00,2,2025-01-15 04:17:00,116.0,33.0,ADMITTED
2025-03-21 00:31:00,2025-03-21 02:56:00,3,2025-03-21 01:41:00,75.0,45.0,DISCHARGED
2025-03-21 02:53:00,2025-03-21 06:19:00,2,2025-03-21 03:42:00,157.0,19.0,DISCHARGED
2025-03-21 04:27:00,2025-03-21 06:52:00,3,2025-03-21 05:39:00,73.0,40.0,DISCHARGED
2025-03-21 05:04:00,2025-03-21 06:39:00,3,2025-03-21 05:57:00,42.0,34.0,ADMITTED
2025-03-21 03:04:00,2025-03-21 05:41:00,4,2025-03-21 04:19:00,82.0,46.0,ADMITTED
2025-03-21 23:32:00,2025-03-22 02:16:00,1,2025-03-22 00:11:00,125.0,14.0,ADMITTED
2025-03-21 01:54:00,2025-03-21 04:48:00,2,2025-03-21 02:24:00,144.0,10.0,ADMITTED
2025-03-21 23:21:00,2025-03-22 03:37:00,2,2025-03-22 00:35:00,182.0,33.0,DISCHARGED
2025-03-21 20:59:00,2025-03-22 00:38:00,1,2025-03-21 21:48:00,170.0,25.0,DISCHARGED
2025-03-21 04:41:00,2025-03-21 06:30:00,2,2025-03-21 05:14:00,76.0,17.0,ADMITTED
2025-03-21 01:14:00,2025-03-21 04:34:00,2,2025-03-21 01:56:00,158.0,20.0,ADMITTED
2025-03-21 04:03:00,2025-03-21 06:44:00,3,2025-03-21 05:13:00,91.0,43.0,DISCHARGED
2025-03-21 20:33:00,2025-03-22 00:04:00,2,2025-03-21 21:17:00,167.0,15.0,ADMITTED
2025-03-21 22:14:00,2025-03-22 00:51:00,3,2025-03-21 23:13:00,98.0,33.0,DISCHARGED
2025-03-21 23:48:00,2025-03-22 02:40:00,2,2025-03-22 00:35:00,125.0,28.0,DISCHARGED
2025-03-21 03:50:00,2025-03-21 06:07:00,3,2025-03-21 04:51:00,76.0,40.0,DISCHARGED
2025-02-04 20:12:00,2025-02-05 00:53:00,2,2025-02-04 21:01:00,232.0,27.0,ADMITTED
2025-02-04 01:12:00,2025-02-04 04:34:00,3,2025-02-04 02:14:00,140.0,37.0,DISCHARGED
2025-02-04 01:29:00,2025-02-04 04:38:00,3,2025-02-04 02:30:00,128.0,34.0,DISCHARGED
2025-02-04 00:01:00,2025-02-04 03:40:00,2,2025-02-04 01:02:00,158.0,31.0,ADMITTED
2025-02-04 21:46:00,2025-02-05 00:26:00,3,2025-02-04 22:37:00,109.0,27.0,DISCHARGED
2025-02-04 22:29:00,2025-02-05 01:41:00,2,2025-02-04 23:12:00,149.0,21.0,ADMITTED
2025-02-04 02:15:00,2025-02-04 05:09:00,3,2025-02-04 03:33:00,96.0,58.0,ADMITTED
2025-02-04 20:57:00,2025-02-05 00:27:00,2,2025-02-04 21:52:00,155.0,27.0,ADMITTED
2025-02-04 02:39:00,2025-02-04 06:28:00,2,2025-02-04 03:34:00,174.0,28.0,ADMITTED
2025-02-04 23:39:00,2025-02-05 02:59:00,3,2025-02-05 00:53:00,126.0,39.0,DISCHARGED
2025-02-06 00:05:00,2025-02-06 02:56:00,3,2025-02-06 01:04:00,112.0,33.0,ADMITTED
2025-02-06 01:07:00,2025-02-06 03:50:00,2,2025-02-06 01:46:00,124.0,18.0,DISCHARGED
2025-02-06 01:04:00,2025-02-06 04:29:00,2,2025-02-06 01:55:00,154.0,33.0,ADMITTED
2025-02-06 01:46:00,2025-02-06 04:20:00,4,2025-02-06 02:55:00,85.0,44.0,DISCHARGED
2025-02-06 01:18:00,2025-02-06 04:11:00,4,2025-02-06 02:57:00,74.0,70.0,DISCHARGED
2025-02-06 23:07:00,2025-02-07 01:03:00,2,2025-02-06 23:54:00,69.0,24.0,DISCHARGED
2025-02-06 22:46:00,2025-02-07 01:09:00,4,2025-02-07 00:02:00,67.0,47.0,TRANSFERRED
2025-02-06 22:06:00,2025-02-07 01:30:00,3,2025-02-06 23:35:00,115.0,60.0,ADMITTED
2025-02-06 04:07:00,2025-02-06 06:44:00,3,2025-02-06 04:44:00,120.0,15.0,DISCHARGED
2025-02-06 23:40:00,2025-02-07 02:06:00,2,2025-02-07 00:31:00,95.0,23.0,ADMITTED
2025-02-06 23:31:00,2025-02-07 03:54:00,1,2025-02-07 00:15:00,219.0,22.0,DISCHARGED
2025-02-06 22:43:00,2025-02-07 01:19:00,4,2025-02-06 23:47:00,92.0,47.0,DISCHARGED
2025-02-06 03:12:00,2025-02-06 06:08:00,4,2025-02-06 04:40:00,88.0,60.0,DISCHARGED
2025-02-06 21:53:00,2025-02-07 00:30:00,4,2025-02-06 22:54:00,96.0,36.0,DISCHARGED
2025-02-06 00:21:00,2025-02-06 02:40:00,3,2025-02-06 01:19:00,81.0,32.0,DISCHARGED
2025-02-06 21:40:00,2025-02-07 00:56:00,3,2025-02-06 23:03:00,113.0,54.0,ADMITTED
2025-03-09 01:02:00,2025-03-09 03:21:00,4,2025-03-09 02:33:00,48.0,63.0,DISCHARGED
2025-03-09 02:31:00,2025-03-09 05:10:00,3,2025-03-09 03:24:00,106.0,30.0,ADMITTED
2025-03-09 21:48:00,2025-03-10 00:07:00,4,2025-03-09 22:43:00,84.0,25.0,DISCHARGED
2025-03-09 00:29:00,2025-03-09 03:09:00,3,2025-03-09 01:35:00,94.0,40.0,DISCHARGED
2025-03-09 03:38:00,2025-03-09 06:43:00,2,2025-03-09 04:23:00,140.0,26.0,ADMITTED
2025-03-09 02:13:00,2025-03-09 04:21:00,4,2025-03-09 03:24:00,57.0,46.0,DISCHARGED
2025-03-09 01:00:00,2025-03-09 03:24:00,3,2025-03-09 01:58:00,86.0,33.0,TRANSFERRED
2025-03-09 04:42:00,2025-03-09 06:49:00,2,2025-03-09 05:51:00,58.0,35.0,DISCHARGED
2025-03-09 03:18:00,2025-03-09 05:48:00,2,2025-03-09 04:21:00,87.0,32.0,DISCHARGED
2025-03-09 04:08:00,2025-03-09 06:58:00,3,2025-03-09 05:25:00,93.0,44.0,ADMITTED
2025-03-09 00:57:00,2025-03-09 03:27:00,3,2025-03-09 01:55:00,92.0,32.0,DISCHARGED
2025-03-09 02:22:00,2025-03-09 04:39:00,3,2025-03-09 03:11:00,88.0,24.0,ADMITTED
2025-03-09 03:16:00,2025-03-09 06:42:00,3,2025-03-09 04:25:00,137.0,45.0,DISCHARGED
2025-03-09 23:37:00,2025-03-10 02:31:00,3,2025-03-10 00:47:00,104.0,41.0,DISCHARGED
2025-03-09 00:34:00,2025-03-09 03:45:00,3,2025-03-09 01:43:00,122.0,44.0,ADMITTED
2025-03-09 02:45:00,2025-03-09 05:45:00,2,2025-03-09 03:42:00,123.0,30.0,DISCHARGED
2025-03-09 02:21:00,2025-03-09 05:57:00,2,2025-03-09 03:21:00,156.0,33.0,DISCHARGED
2025-01-14 20:51:00,2025-01-15 00:30:00,3,2025-01-14 22:24:00,126.0,64.0,TRANSFERRED
2025-01-14 04:17:00,2025-01-14 06:03:00,3,2025-01-14 05:08:00,55.0,30.0,ADMITTED
2025-01-14 01:36:00,2025-01-14 04:19:00,4,2025-01-14 02:44:00,95.0,51.0,DISCHARGED
2025-01-14 02:14:00,2025-01-14 05:06:00,3,2025-01-14 03:14:00,112.0,27.0,DISCHARGED
2025-01-14 23:30:00,2025-01-15 01:33:00,2,2025-01-15 00:09:00,84.0,16.0,DISCHARGED
2025-01-14 00:11:00,2025-01-14 02:08:00,3,2025-01-14 01:19:00,49.0,37.0,ADMITTED
2025-01-14 00:39:00,2025-01-14 03:57:00,2,2025-01-14 01:28:00,149.0,24.0,DISCHARGED
2025-01-14 04:03:00,2025-01-14 06:25:00,4,2025-01-14 05:07:00,78.0,42.0,DISCHARGED
2025-01-14 03:27:00,2025-01-14 05:50:00,4,2025-01-14 04:19:00,91.0,33.0,DISCHARGED
2025-01-14 21:14:00,2025-01-15 00:12:00,3,2025-01-14 22:27:00,105.0,40.0,DISCHARGED
2025-01-14 00:20:00,2025-01-14 03:35:00,4,2025-01-14 02:03:00,92.0,71.0,DISCHARGED
2025-01-14 21:25:00,2025-01-15 00:15:00,4,2025-01-14 22:37:00,98.0,38.0,DISCHARGED
2025-01-14 00:36:00,2025-01-14 03:43:00,3,2025-01-14 01:36:00,127.0,31.0,TRANSFERRED
2025-02-23 00:18:00,2025-02-23 03:44:00,1,2025-02-23 01:05:00,159.0,14.0,DISCHARGED
2025-02-23 02:12:00,2025-02-23 06:25:00,1,2025-02-23 03:13:00,192.0,24.0,ADMITTED
2025-02-23 01:41:00,2025-02-23 04:41:00,4,2025-02-23 02:54:00,107.0,56.0,DISCHARGED
2025-02-23 20:07:00,2025-02-24 00:10:00,4,2025-02-23 22:16:00,114.0,98.0,DISCHARGED
2025-02-23 20:40:00,2025-02-24 00:45:00,2,2025-02-23 21:35:00,190.0,32.0,TRANSFERRED
2025-02-23 03:29:00,2025-02-23 05:37:00,3,2025-02-23 04:39:00,58.0,47.0,DISCHARGED
2025-02-23 03:52:00,2025-02-23 06:46:00,2,2025-02-23 04:57:00,109.0,40.0,DISCHARGED
2025-02-23 23:11:00,2025-02-24 02:20:00,2,2025-02-24 00:09:00,131.0,28.0,ADMITTED
2025-02-23 03:18:00,2025-02-23 06:04:00,3,2025-02-23 04:24:00,100.0,41.0,DISCHARGED
2025-02-23 00:18:00,2025-02-23 02:55:00,1,2025-02-23 01:00:00,115.0,16.0,ADMITTED
2025-02-23 20:58:00,2025-02-24 00:22:00,3,2025-02-23 22:23:00,119.0,53.0,DISCHARGED
2025-02-23 23:35:00,2025-02-24 02:04:00,3,2025-02-24 00:50:00,74.0,44.0,DISCHARGED
2025-02-23 22:07:00,2025-02-24 01:07:00,4,2025-02-23 23:44:00,83.0,64.0,DISCHARGED
2025-02-23 03:48:00,2025-02-23 05:52:00,3,2025-02-23 04:27:00,85.0,24.0,DISCHARGED
2025-02-23 22:11:00,2025-02-24 01:16:00,3,2025-02-23 23:35:00,101.0,51.0,ADMITTED
2025-02-23 02:16:00,2025-02-23 05:04:00,3,2025-02-23 03:08:00,116.0,37.0,DISCHARGED
2025-02-18 20:47:00,2025-02-19 00:37:00,2,2025-02-18 21:42:00,175.0,37.0,DISCHARGED
2025-02-18 22:32:00,2025-02-19 01:54:00,3,2025-02-18 23:44:00,130.0,45.0,DISCHARGED
2025-02-18 00:04:00,2025-02-18 02:58:00,3,2025-02-18 01:32:00,86.0,59.0,ADMITTED
2025-02-18 02:43:00,2025-02-18 06:30:00,3,2025-02-18 03:45:00,165.0,34.0,DISCHARGED
2025-02-18 00:46:00,2025-02-18 04:05:00,4,2025-02-18 02:21:00,104.0,72.0,DISCHARGED
2025-02-18 00:43:00,2025-02-18 02:37:00,3,2025-02-18 01:29:00,68.0,26.0,ADMITTED
2025-02-18 22:53:00,2025-02-19 01:39:00,3,2025-02-18 23:57:00,102.0,36.0,DISCHARGED
2025-02-18 01:41:00,2025-02-18 04:29:00,4,2025-02-18 03:12:00,77.0,69.0,DISCHARGED
2025-02-18 02:22:00,2025-02-18 06:03:00,2,2025-02-18 03:22:00,161.0,28.0,DISCHARGED
2025-02-18 03:01:00,2025-02-18 05:18:00,3,2025-02-18 03:43:00,95.0,18.0,ADMITTED
2025-02-18 03:14:00,2025-02-18 05:41:00,3,2025-02-18 04:04:00,97.0,26.0,DISCHARGED
2025-02-11 20:45:00,2025-02-12 00:39:00,3,2025-02-11 22:20:00,139.0,72.0,DISCHARGED
2025-02-11 01:59:00,2025-02-11 04:18:00,3,2025-02-11 02:55:00,83.0,38.0,DISCHARGED
2025-02-11 02:08:00,2025-02-11 04:34:00,3,2025-02-11 03:12:00,82.0,45.0,ADMITTED
2025-02-11 22:37:00,2025-02-12 01:20:00,3,2025-02-11 23:46:00,94.0,41.0,ADMITTED
2025-02-11 03:29:00,2025-02-11 05:57:00,3,2025-02-11 04:20:00,97.0,14.0,DISCHARGED
2025-02-20 01:04:00,2025-02-20 03:56:00,3,2025-02-20 02:05:00,111.0,39.0,ADMITTED
2025-02-20 02:15:00,2025-02-20 05:22:00,4,2025-02-20 03:33:00,109.0,61.0,DISCHARGED
2025-02-20 23:43:00,2025-02-21 02:37:00,3,2025-02-21 00:49:00,108.0,47.0,DISCHARGED
2025-02-20 03:26:00,2025-02-20 05:56:00,3,2025-02-20 04:44:00,72.0,38.0,TRANSFERRED
2025-02-20 23:04:00,2025-02-21 01:49:00,3,2025-02-21 00:14:00,95.0,41.0,ADMITTED
2025-02-20 22:49:00,2025-02-21 01:22:00,2,2025-02-20 23:25:00,117.0,11.0,ADMITTED
2025-02-20 04:11:00,2025-02-20 06:38:00,3,2025-02-20 05:11:00,87.0,35.0,DISCHARGED
2025-02-20 23:09:00,2025-02-21 01:52:00,3,2025-02-20 23:56:00,116.0,22.0,DISCHARGED
2025-02-20 23:57:00,2025-02-21 02:12:00,4,2025-02-21 00:41:00,91.0,21.0,DISCHARGED
2025-02-20 21:53:00,2025-02-21 00:49:00,2,2025-02-20 22:37:00,132.0,24.0,DISCHARGED
2025-02-20 01:45:00,2025-02-20 05:03:00,2,2025-02-20 02:35:00,148.0,28.0,ADMITTED
2025-03-31 03:25:00,2025-03-31 05:55:00,3,2025-03-31 04:27:00,88.0,36.0,DISCHARGED
2025-03-31 03:18:00,2025-03-31 06:45:00,2,2025-03-31 04:12:00,153.0,30.0,ADMITTED
2025-03-31 03:09:00,2025-03-31 06:17:00,3,2025-03-31 04:08:00,129.0,31.0,DISCHARGED
2025-03-31 22:02:00,2025-04-01 01:22:00,3,2025-03-31 23:45:00,97.0,74.0,DISCHARGED
2025-03-31 03:45:00,2025-03-31 05:40:00,2,2025-03-31 04:24:00,76.0,21.0,DISCHARGED
2025-03-31 03:52:00,2025-03-31 06:25:00,3,2025-03-31 04:59:00,86.0,33.0,DISCHARGED
2025-03-31 03:53:00,2025-03-31 05:37:00,4,2025-03-31 04:32:00,65.0,14.0,DISCHARGED
2025-03-31 01:31:00,2025-03-31 04:24:00,3,2025-03-31 02:34:00,110.0,29.0,DISCHARGED
2025-03-31 03:19:00,2025-03-31 06:09:00,3,2025-03-31 04:41:00,88.0,58.0,DISCHARGED
2025-03-31 00:58:00,2025-03-31 04:38:00,2,2025-03-31 01:52:00,166.0,34.0,TRANSFERRED
2025-03-31 00:50:00,2025-03-31 03:39:00,2,2025-03-31 01:41:00,118.0,22.0,ADMITTED
2025-03-31 21:28:00,2025-04-01 00:04:00,2,2025-03-31 22:17:00,107.0,15.0,ADMITTED
2025-03-31 23:53:00,2025-04-01 03:10:00,2,2025-04-01 01:02:00,128.0,40.0,DISCHARGED
2025-03-31 23:27:00,2025-04-01 02:09:00,4,2025-04-01 00:50:00,79.0,54.0,DISCHARGED
2025-03-31 01:04:00,2025-03-31 03:47:00,4,2025-03-31 02:24:00,83.0,43.0,DISCHARGED
2025-03-31 00:24:00,2025-03-31 03:54:00,3,2025-03-31 01:55:00,119.0,57.0,DISCHARGED
2025-03-20 22:32:00,2025-03-21 01:37:00,2,2025-03-20 23:14:00,143.0,20.0,ADMITTED
2025-03-20 01:37:00,2025-03-20 03:59:00,3,2025-03-20 02:59:00,60.0,48.0,DISCHARGED
2025-03-20 22:57:00,2025-03-21 01:47:00,3,2025-03-21 00:07:00,100.0,43.0,DISCHARGED
2025-03-20 00:34:00,2025-03-20 04:01:00,2,2025-03-20 01:20:00,161.0,22.0,DISCHARGED
2025-03-20 03:53:00,2025-03-20 06:45:00,3,2025-03-20 05:01:00,104.0,37.0,TRANSFERRED
2025-03-20 02:47:00,2025-03-20 04:51:00,4,2025-03-20 03:57:00,54.0,39.0,DISCHARGED
2025-03-20 03:11:00,2025-03-20 05:47:00,4,2025-03-20 04:37:00,70.0,54.0,DISCHARGED
2025-03-20 04:05:00,2025-03-20 06:56:00,3,2025-03-20 05:02:00,114.0,32.0,DISCHARGED
2025-03-20 01:51:00,2025-03-20 04:58:00,3,2025-03-20 03:00:00,118.0,40.0,DISCHARGED
2025-03-20 02:02:00,2025-03-20 04:59:00,2,2025-03-20 02:40:00,139.0,14.0,ADMITTED
2025-03-20 22:51:00,2025-03-21 01:57:00,2,2025-03-20 23:41:00,136.0,25.0,DISCHARGED
2025-03-20 02:45:00,2025-03-20 05:15:00,2,2025-03-20 03:26:00,109.0,17.0,ADMITTED
2025-01-27 03:43:00,2025-01-27 06:12:00,4,2025-01-27 05:06:00,66.0,62.0,TRANSFERRED
2025-01-27 03:32:00,2025-01-27 05:56:00,3,2025-01-27 04:40:00,76.0,41.0,ADMITTED
2025-01-27 21:57:00,2025-01-28 00:46:00,2,2025-01-27 22:55:00,111.0,36.0,ADMITTED
2025-01-27 00:42:00,2025-01-27 02:45:00,3,2025-01-27 01:37:00,68.0,19.0,ADMITTED
2025-01-27 01:43:00,2025-01-27 04:58:00,3,2025-01-27 02:58:00,120.0,54.0,ADMITTED
2025-01-27 01:17:00,2025-01-27 03:16:00,3,2025-01-27 02:19:00,57.0,29.0,DISCHARGED
2025-01-27 02:05:00,2025-01-27 05:40:00,2,2025-01-27 02:44:00,176.0,16.0,DISCHARGED
2025-01-27 22:50:00,2025-01-28 01:42:00,3,2025-01-27 23:55:00,107.0,33.0,DISCHARGED
2025-01-27 01:44:00,2025-01-27 04:33:00,2,2025-01-27 02:27:00,126.0,12.0,DISCHARGED
2025-01-27 04:47:00,2025-01-27 06:53:00,3,2025-01-27 05:45:00,68.0,33.0,DISCHARGED
2025-01-27 03:28:00,2025-01-27 06:37:00,4,2025-01-27 04:41:00,116.0,47.0,DISCHARGED
2025-01-27 22:53:00,2025-01-28 01:49:00,2,2025-01-27 23:37:00,132.0,24.0,DISCHARGED
2025-01-27 23:59:00,2025-01-28 03:00:00,4,2025-01-28 01:23:00,97.0,65.0,ADMITTED
2025-01-17 02:06:00,2025-01-17 04:39:00,3,2025-01-17 03:02:00,97.0,24.0,ADMITTED
2025-01-17 00:54:00,2025-01-17 04:36:00,2,2025-01-17 01:49:00,167.0,35.0,ADMITTED
2025-01-17 20:43:00,2025-01-18 00:14:00,3,2025-01-17 22:39:00,95.0,84.0,ADMITTED
2025-01-17 23:08:00,2025-01-18 02:08:00,3,2025-01-18 00:20:00,108.0,49.0,DISCHARGED
2025-01-17 00:35:00,2025-01-17 02:50:00,3,2025-01-17 02:00:00,50.0,58.0,TRANSFERRED
2025-01-17 04:03:00,2025-01-17 06:32:00,3,2025-01-17 05:15:00,77.0,44.0,ADMITTED
2025-01-17 02:24:00,2025-01-17 05:56:00,3,2025-01-17 03:33:00,143.0,40.0,DISCHARGED
2025-01-17 00:07:00,2025-01-17 02:45:00,2,2025-01-17 01:04:00,101.0,26.0,TRANSFERRED
2025-01-17 02:43:00,2025-01-17 04:51:00,4,2025-01-17 03:36:00,75.0,33.0,DISCHARGED
2025-01-17 02:35:00,2025-01-17 04:43:00,3,2025-01-17 03:31:00,72.0,29.0,DISCHARGED
2025-01-17 23:06:00,2025-01-18 02:14:00,3,2025-01-18 00:19:00,115.0,43.0,DISCHARGED
2025-01-17 21:37:00,2025-01-18 00:52:00,2,2025-01-17 22:42:00,130.0,32.0,DISCHARGED
2025-01-17 00:23:00,2025-01-17 02:15:00,4,2025-01-17 01:35:00,40.0,49.0,DISCHARGED
